location_id,location_name,parameter,value,unit,datetimeUtc,datetimeLocal,timezone,latitude,longitude,country_iso,isMobile,isMonitor,owner_name,provider
233415,"Sector 22, Chandigarh - CPCC",relativehumidity,10.304888258566894,c,2025-03-02T08:09:36+0000,2025-03-02T13:38:24+0530,Asia/Kolkata,88.4733375,-85.358522,,,,Chandigarh Pollution Control Committee,CPCB
233415,"Sector 22, Chandigarh - CPCC",temperature,9.678438688644901,%,2025-02-27T03:27:29+0000,2025-02-27T08:51:44+0530,Asia/Kolkata,89.1427315,74.60282,,,,Chandigarh Pollution Control Committee,CPCB
233415,"Sector 22, Chandigarh - CPCC",wind_direction,148.1751033692357,µg/m³,2025-02-21T04:36:20+0000,2025-02-21T10:03:30+0530,Asia/Kolkata,-62.8812725,-172.146562,,,,Chandigarh Pollution Control Committee,CPCB
233415,"Sector 22, Chandigarh - CPCC",nox,63.83460421032299,ppb,2025-02-27T03:54:05+0000,2025-02-27T09:22:01+0530,Asia/Kolkata,-49.063706,42.636131,,,,Chandigarh Pollution Control Committee,CPCB
233415,"Sector 22, Chandigarh - CPCC",pm10,0.10787371408844487,µg/m³,2025-02-26T18:49:00+0000,2025-02-27T00:14:18+0530,Asia/Kolkata,23.0853575,55.5163,,,,Chandigarh Pollution Control Committee,CPCB
233415,"Sector 22, Chandigarh - CPCC",relativehumidity,1.8473347100200415,%,2025-02-28T17:31:41+0000,2025-02-28T22:56:53+0530,Asia/Kolkata,-81.986745,3.048376,,,,Chandigarh Pollution Control Committee,CPCB
233415,"Sector 22, Chandigarh - CPCC",so2,13.901029630956725,%,2025-02-28T14:00:11+0000,2025-02-28T19:33:29+0530,Asia/Kolkata,56.438656,-156.270844,,,,Chandigarh Pollution Control Committee,CPCB
233415,"Sector 22, Chandigarh - CPCC",so2,4.387289722950726,%,2025-02-21T12:11:36+0000,2025-02-21T17:37:28+0530,Asia/Kolkata,-15.1028875,-130.179081,,,,Chandigarh Pollution Control Committee,CPCB
233415,"Sector 22, Chandigarh - CPCC",wind_speed,9.703016576907187,c,2025-02-25T21:38:00+0000,2025-02-26T03:07:45+0530,Asia/Kolkata,-75.066222,124.947084,,,,Chandigarh Pollution Control Committee,CPCB
233415,"Sector 22, Chandigarh - CPCC",wind_direction,8.214518035841472,m/s,2025-02-19T23:47:00+0000,2025-02-20T05:18:55+0530,Asia/Kolkata,-5.7976505,-65.199701,,,,Chandigarh Pollution Control Committee,CPCB
233415,"Sector 22, Chandigarh - CPCC",pm25,1.0630051522886257,ppb,2025-03-02T04:45:52+0000,2025-03-02T10:15:09+0530,Asia/Kolkata,26.6388815,83.670909,,,,Chandigarh Pollution Control Committee,CPCB
233415,"Sector 22, Chandigarh - CPCC",nox,46.55456851029891,ppb,2025-03-01T04:38:08+0000,2025-03-01T10:12:40+0530,Asia/Kolkata,-57.125822,-98.355382,,,,Chandigarh Pollution Control Committee,CPCB
233415,"Sector 22, Chandigarh - CPCC",pm25,11.496846594177065,ppb,2025-02-20T15:17:07+0000,2025-02-20T20:44:08+0530,Asia/Kolkata,16.252579,-74.653651,,,,Chandigarh Pollution Control Committee,CPCB
233415,"Sector 22, Chandigarh - CPCC",relativehumidity,12.37012340328762,µg/m³,2025-02-21T19:36:27+0000,2025-02-22T01:04:36+0530,Asia/Kolkata,8.0684685,-177.878798,,,,Chandigarh Pollution Control Committee,CPCB
233415,"Sector 22, Chandigarh - CPCC",relativehumidity,13.703853949449782,ppb,2025-03-02T09:09:05+0000,2025-03-02T14:42:10+0530,Asia/Kolkata,83.044349,-29.866319,,,,Chandigarh Pollution Control Committee,CPCB
233415,"Sector 22, Chandigarh - CPCC",so2,14.200287293068323,ppb,2025-02-28T06:30:27+0000,2025-02-28T12:03:12+0530,Asia/Kolkata,53.544288,130.505541,,,,Chandigarh Pollution Control Committee,CPCB
233415,"Sector 22, Chandigarh - CPCC",so2,0.028536906560236473,µg/m³,2025-02-19T22:57:06+0000,2025-02-20T04:26:53+0530,Asia/Kolkata,79.1160785,101.364595,,,,Chandigarh Pollution Control Committee,CPCB
233415,"Sector 22, Chandigarh - CPCC",no,1.5989830956279647,ppb,2025-02-27T19:16:15+0000,2025-02-28T00:50:33+0530,Asia/Kolkata,-74.8217235,160.273133,,,,Chandigarh Pollution Control Committee,CPCB
233415,"Sector 22, Chandigarh - CPCC",co,0.16041367429780679,ppb,2025-02-18T23:59:44+0000,2025-02-19T05:29:47+0530,Asia/Kolkata,-15.590734,-20.408864,,,,Chandigarh Pollution Control Committee,CPCB
233415,"Sector 22, Chandigarh - CPCC",no2,7.2219205052985815,µg/m³,2025-03-03T17:00:00+0000,2025-03-03T22:30:00+0530,Asia/Kolkata,29.937815,114.163282,,,,Chandigarh Pollution Control Committee,CPCB
233415,"Sector 22, Chandigarh - CPCC",o3,0.13854831920647903,ppb,2025-02-24T08:25:10+0000,2025-02-24T13:59:26+0530,Asia/Kolkata,-25.040697,97.648354,,,,Chandigarh Pollution Control Committee,CPCB
233415,"Sector 22, Chandigarh - CPCC",nox,0.08060614114473341,ppb,2025-02-25T06:55:34+0000,2025-02-25T12:25:27+0530,Asia/Kolkata,56.154481,-75.551907,,,,Chandigarh Pollution Control Committee,CPCB
233415,"Sector 22, Chandigarh - CPCC",no,31.256543418506613,ppb,2025-02-20T05:54:03+0000,2025-02-20T11:24:58+0530,Asia/Kolkata,66.737441,-171.541888,,,,Chandigarh Pollution Control Committee,CPCB
233415,"Sector 22, Chandigarh - CPCC",no2,3.9027734245873615,ppb,2025-02-26T14:56:58+0000,2025-02-26T20:26:47+0530,Asia/Kolkata,43.9868985,-66.153763,,,,Chandigarh Pollution Control Committee,CPCB
233415,"Sector 22, Chandigarh - CPCC",nox,1.880554619841652,µg/m³,2025-02-22T20:54:02+0000,2025-02-23T02:25:09+0530,Asia/Kolkata,40.70423,-46.705477,,,,Chandigarh Pollution Control Committee,CPCB
233415,"Sector 22, Chandigarh - CPCC",co,0.27810119840265257,ppb,2025-02-27T17:07:39+0000,2025-02-27T22:38:21+0530,Asia/Kolkata,-76.7756805,-65.034874,,,,Chandigarh Pollution Control Committee,CPCB
233415,"Sector 22, Chandigarh - CPCC",wind_direction,16.313224026586372,%,2025-02-27T16:34:45+0000,2025-02-27T22:08:30+0530,Asia/Kolkata,58.72749,10.206728,,,,Chandigarh Pollution Control Committee,CPCB
233415,"Sector 22, Chandigarh - CPCC",wind_direction,0.6737945435909966,deg,2025-03-03T17:00:00+0000,2025-03-03T22:30:00+0530,Asia/Kolkata,-89.5371285,10.45512,,,,Chandigarh Pollution Control Committee,CPCB
233415,"Sector 22, Chandigarh - CPCC",no,3.617806729114114,ppb,2025-02-26T23:16:39+0000,2025-02-27T04:50:44+0530,Asia/Kolkata,-25.7517025,37.752927,,,,Chandigarh Pollution Control Committee,CPCB
233415,"Sector 22, Chandigarh - CPCC",co,6.059414637917194,ppb,2025-03-03T17:00:00+0000,2025-03-03T22:30:00+0530,Asia/Kolkata,16.7112325,-29.964021,,,,Chandigarh Pollution Control Committee,CPCB
233415,"Sector 22, Chandigarh - CPCC",so2,13.618134396974275,µg/m³,2025-02-25T03:20:24+0000,2025-02-25T08:50:41+0530,Asia/Kolkata,3.065871,64.788113,,,,Chandigarh Pollution Control Committee,CPCB
233415,"Sector 22, Chandigarh - CPCC",pm25,0.2642389645830033,ppb,2025-02-21T12:48:15+0000,2025-02-21T18:15:48+0530,Asia/Kolkata,-30.9281815,-2.54201,,,,Chandigarh Pollution Control Committee,CPCB
233415,"Sector 22, Chandigarh - CPCC",relativehumidity,0.6874713165996817,ppb,2025-02-21T23:05:59+0000,2025-02-22T04:34:37+0530,Asia/Kolkata,10.3415325,-172.301734,,,,Chandigarh Pollution Control Committee,CPCB
233415,"Sector 22, Chandigarh - CPCC",pm10,113.09369667115008,µg/m³,2025-03-03T17:00:00+0000,2025-03-03T22:30:00+0530,Asia/Kolkata,68.4949635,54.293355,,,,Chandigarh Pollution Control Committee,CPCB
233415,"Sector 22, Chandigarh - CPCC",pm25,31.839055549328837,µg/m³,2025-02-20T09:58:50+0000,2025-02-20T15:29:51+0530,Asia/Kolkata,-2.7933775,-67.171628,,,,Chandigarh Pollution Control Committee,CPCB
233415,"Sector 22, Chandigarh - CPCC",so2,0.041245304060747154,c,2025-02-19T10:57:50+0000,2025-02-19T16:31:13+0530,Asia/Kolkata,-34.027132,-131.37907,,,,Chandigarh Pollution Control Committee,CPCB
233415,"Sector 22, Chandigarh - CPCC",o3,2.0343289969412357,µg/m³,2025-02-20T14:56:25+0000,2025-02-20T20:25:43+0530,Asia/Kolkata,35.950013,13.45775,,,,Chandigarh Pollution Control Committee,CPCB
233415,"Sector 22, Chandigarh - CPCC",wind_speed,4.168902231439673,deg,2025-03-02T03:00:08+0000,2025-03-02T08:32:13+0530,Asia/Kolkata,64.640708,114.460386,,,,Chandigarh Pollution Control Committee,CPCB
233415,"Sector 22, Chandigarh - CPCC",no,20.616658903659278,ppb,2025-02-19T07:41:56+0000,2025-02-19T13:11:50+0530,Asia/Kolkata,38.101969,19.865645,,,,Chandigarh Pollution Control Committee,CPCB
233415,"Sector 22, Chandigarh - CPCC",wind_direction,28.611117542529485,c,2025-02-25T11:02:03+0000,2025-02-25T16:33:06+0530,Asia/Kolkata,21.4004725,4.688741,,,,Chandigarh Pollution Control Committee,CPCB
233415,"Sector 22, Chandigarh - CPCC",so2,59.784830898510805,c,2025-02-24T11:36:56+0000,2025-02-24T17:11:37+0530,Asia/Kolkata,-88.1825745,151.48456,,,,Chandigarh Pollution Control Committee,CPCB
233415,"Sector 22, Chandigarh - CPCC",no2,47.53986840000639,ppb,2025-02-22T09:26:05+0000,2025-02-22T14:54:42+0530,Asia/Kolkata,25.837921,112.135324,,,,Chandigarh Pollution Control Committee,CPCB
233415,"Sector 22, Chandigarh - CPCC",temperature,10.872294048313318,µg/m³,2025-02-25T09:25:52+0000,2025-02-25T14:54:10+0530,Asia/Kolkata,18.2184085,-38.288157,,,,Chandigarh Pollution Control Committee,CPCB
233415,"Sector 22, Chandigarh - CPCC",co,3.7044420710354413,ppb,2025-02-24T17:23:26+0000,2025-02-24T22:52:54+0530,Asia/Kolkata,79.302879,-17.296265,,,,Chandigarh Pollution Control Committee,CPCB
233415,"Sector 22, Chandigarh - CPCC",pm25,27.274215528919274,µg/m³,2025-03-02T23:30:35+0000,2025-03-03T05:01:21+0530,Asia/Kolkata,44.891046,138.286704,,,,Chandigarh Pollution Control Committee,CPCB
233415,"Sector 22, Chandigarh - CPCC",so2,168.47844790344243,deg,2025-02-22T14:45:12+0000,2025-02-22T20:17:26+0530,Asia/Kolkata,-21.7929655,-24.513812,,,,Chandigarh Pollution Control Committee,CPCB
233415,"Sector 22, Chandigarh - CPCC",so2,89.86602532298808,m/s,2025-03-03T17:00:00+0000,2025-03-03T22:30:00+0530,Asia/Kolkata,-84.361764,72.205786,,,,Chandigarh Pollution Control Committee,CPCB
233415,"Sector 22, Chandigarh - CPCC",pm10,100.83863209156974,ppb,2025-02-26T06:29:05+0000,2025-02-26T12:00:33+0530,Asia/Kolkata,25.398326,-157.097093,,,,Chandigarh Pollution Control Committee,CPCB
233415,"Sector 22, Chandigarh - CPCC",no,11.03532891786789,ppb,2025-02-19T23:30:15+0000,2025-02-20T04:58:53+0530,Asia/Kolkata,-45.3591665,-93.655801,,,,Chandigarh Pollution Control Committee,CPCB
233415,"Sector 22, Chandigarh - CPCC",pm25,4.224676744426328,ppb,2025-02-28T17:57:37+0000,2025-02-28T23:29:52+0530,Asia/Kolkata,1.5223365,-153.273508,,,,Chandigarh Pollution Control Committee,CPCB
233415,"Sector 22, Chandigarh - CPCC",so2,40.14674670365003,%,2025-02-21T19:59:25+0000,2025-02-22T01:29:41+0530,Asia/Kolkata,48.74252,-25.491004,,,,Chandigarh Pollution Control Committee,CPCB
233415,"Sector 22, Chandigarh - CPCC",pm10,9.353648393655654,ppb,2025-02-28T22:07:42+0000,2025-03-01T03:38:55+0530,Asia/Kolkata,-45.5156385,-53.566633,,,,Chandigarh Pollution Control Committee,CPCB
233415,"Sector 22, Chandigarh - CPCC",no2,1.1937303508017316,ppb,2025-02-27T06:56:59+0000,2025-02-27T12:25:39+0530,Asia/Kolkata,85.0318785,16.892439,,,,Chandigarh Pollution Control Committee,CPCB
233415,"Sector 22, Chandigarh - CPCC",no2,72.12040743837473,µg/m³,2025-02-22T07:47:43+0000,2025-02-22T13:18:48+0530,Asia/Kolkata,36.9774365,-111.290156,,,,Chandigarh Pollution Control Committee,CPCB
233415,"Sector 22, Chandigarh - CPCC",so2,1.8210409142994057,deg,2025-02-23T10:58:51+0000,2025-02-23T16:30:31+0530,Asia/Kolkata,-32.927586,-88.900893,,,,Chandigarh Pollution Control Committee,CPCB
233415,"Sector 22, Chandigarh - CPCC",temperature,57.53371817321201,%,2025-03-03T15:42:23+0000,2025-03-03T21:11:43+0530,Asia/Kolkata,57.669235,28.595189,,,,Chandigarh Pollution Control Committee,CPCB
233415,"Sector 22, Chandigarh - CPCC",no2,80.34782812281095,ppb,2025-02-21T14:05:10+0000,2025-02-21T19:36:57+0530,Asia/Kolkata,5.5918395,-50.157652,,,,Chandigarh Pollution Control Committee,CPCB
233415,"Sector 22, Chandigarh - CPCC",relativehumidity,72.07079999952937,µg/m³,2025-02-25T02:05:56+0000,2025-02-25T07:29:29+0530,Asia/Kolkata,10.1256425,70.188804,,,,Chandigarh Pollution Control Committee,CPCB
233415,"Sector 22, Chandigarh - CPCC",no2,72.59995085652203,µg/m³,2025-02-24T18:48:52+0000,2025-02-25T00:16:49+0530,Asia/Kolkata,-78.4064035,19.103678,,,,Chandigarh Pollution Control Committee,CPCB
233415,"Sector 22, Chandigarh - CPCC",o3,89.11894339191176,c,2025-03-03T10:34:46+0000,2025-03-03T16:05:16+0530,Asia/Kolkata,-19.420028,-10.125282,,,,Chandigarh Pollution Control Committee,CPCB
233415,"Sector 22, Chandigarh - CPCC",wind_speed,0.4575942244199368,m/s,2025-02-25T07:12:40+0000,2025-02-25T12:41:29+0530,Asia/Kolkata,79.3052245,-35.202025,,,,Chandigarh Pollution Control Committee,CPCB
233415,"Sector 22, Chandigarh - CPCC",pm25,3.950537408273539,%,2025-02-26T23:01:24+0000,2025-02-27T04:29:23+0530,Asia/Kolkata,25.4826305,-24.632605,,,,Chandigarh Pollution Control Committee,CPCB
233415,"Sector 22, Chandigarh - CPCC",wind_direction,180.04409959213646,deg,2025-02-20T12:44:22+0000,2025-02-20T18:15:21+0530,Asia/Kolkata,-15.158215,-118.102193,,,,Chandigarh Pollution Control Committee,CPCB
233415,"Sector 22, Chandigarh - CPCC",so2,3.8084792278762127,ppb,2025-02-28T01:50:03+0000,2025-02-28T07:17:20+0530,Asia/Kolkata,62.6688765,136.25191,,,,Chandigarh Pollution Control Committee,CPCB
233415,"Sector 22, Chandigarh - CPCC",wind_direction,2.2783273143115057,c,2025-02-24T05:17:12+0000,2025-02-24T10:51:16+0530,Asia/Kolkata,17.506223,-89.421043,,,,Chandigarh Pollution Control Committee,CPCB
233415,"Sector 22, Chandigarh - CPCC",no,6.875376129240654,µg/m³,2025-02-24T23:54:53+0000,2025-02-25T05:19:39+0530,Asia/Kolkata,-6.1432985,114.352371,,,,Chandigarh Pollution Control Committee,CPCB
233415,"Sector 22, Chandigarh - CPCC",pm25,236.3041881858707,µg/m³,2025-02-26T04:04:10+0000,2025-02-26T09:36:43+0530,Asia/Kolkata,13.340233,138.157402,,,,Chandigarh Pollution Control Committee,CPCB
233415,"Sector 22, Chandigarh - CPCC",pm10,67.08573782380212,ppb,2025-03-02T20:16:49+0000,2025-03-03T01:48:11+0530,Asia/Kolkata,-0.255203,176.969273,,,,Chandigarh Pollution Control Committee,CPCB
233415,"Sector 22, Chandigarh - CPCC",no2,18.973999448585527,µg/m³,2025-02-27T02:27:47+0000,2025-02-27T07:54:48+0530,Asia/Kolkata,-47.7092765,43.155743,,,,Chandigarh Pollution Control Committee,CPCB
233415,"Sector 22, Chandigarh - CPCC",co,1.0171924704475666,ppb,2025-02-24T15:15:08+0000,2025-02-24T20:43:46+0530,Asia/Kolkata,-24.558307,145.051469,,,,Chandigarh Pollution Control Committee,CPCB
233415,"Sector 22, Chandigarh - CPCC",wind_direction,37.84821045981163,m/s,2025-02-20T20:11:24+0000,2025-02-21T01:45:25+0530,Asia/Kolkata,-22.339231,66.665761,,,,Chandigarh Pollution Control Committee,CPCB
233415,"Sector 22, Chandigarh - CPCC",co,16.673898067649144,ppb,2025-02-27T19:03:30+0000,2025-02-28T00:32:23+0530,Asia/Kolkata,65.47566,-127.50166,,,,Chandigarh Pollution Control Committee,CPCB
233415,"Sector 22, Chandigarh - CPCC",nox,26.540637731321283,ppb,2025-02-21T23:54:14+0000,2025-02-22T05:23:23+0530,Asia/Kolkata,59.714359,-112.530169,,,,Chandigarh Pollution Control Committee,CPCB
233415,"Sector 22, Chandigarh - CPCC",relativehumidity,80.3308861028398,m/s,2025-02-22T13:13:36+0000,2025-02-22T18:42:21+0530,Asia/Kolkata,39.424431,-53.892861,,,,Chandigarh Pollution Control Committee,CPCB
233415,"Sector 22, Chandigarh - CPCC",relativehumidity,34.05223783339848,%,2025-02-21T22:59:09+0000,2025-02-22T04:28:01+0530,Asia/Kolkata,11.269031,-118.056456,,,,Chandigarh Pollution Control Committee,CPCB
233415,"Sector 22, Chandigarh - CPCC",no2,3.36238509277226,µg/m³,2025-03-01T08:43:07+0000,2025-03-01T14:14:14+0530,Asia/Kolkata,18.5231485,94.632463,,,,Chandigarh Pollution Control Committee,CPCB
233415,"Sector 22, Chandigarh - CPCC",pm25,11.615441187688138,µg/m³,2025-02-27T00:25:24+0000,2025-02-27T05:51:50+0530,Asia/Kolkata,21.9411675,96.288211,,,,Chandigarh Pollution Control Committee,CPCB
233415,"Sector 22, Chandigarh - CPCC",pm25,100.77843211826058,ppb,2025-02-27T00:02:22+0000,2025-02-27T05:38:11+0530,Asia/Kolkata,2.865391,-27.657537,,,,Chandigarh Pollution Control Committee,CPCB
233415,"Sector 22, Chandigarh - CPCC",so2,22.576512448570924,µg/m³,2025-02-27T14:08:26+0000,2025-02-27T19:41:44+0530,Asia/Kolkata,12.010457,-168.964493,,,,Chandigarh Pollution Control Committee,CPCB
233415,"Sector 22, Chandigarh - CPCC",wind_direction,13.69090086661637,c,2025-02-22T11:39:17+0000,2025-02-22T17:08:13+0530,Asia/Kolkata,-36.879079,-127.464053,,,,Chandigarh Pollution Control Committee,CPCB
233415,"Sector 22, Chandigarh - CPCC",pm10,9.453065554373566,ppb,2025-02-27T03:09:38+0000,2025-02-27T08:41:25+0530,Asia/Kolkata,-67.6757045,40.279265,,,,Chandigarh Pollution Control Committee,CPCB
233415,"Sector 22, Chandigarh - CPCC",co,117.44583423732972,ppb,2025-03-02T23:35:35+0000,2025-03-03T05:06:50+0530,Asia/Kolkata,-82.1269155,-44.920999,,,,Chandigarh Pollution Control Committee,CPCB
233415,"Sector 22, Chandigarh - CPCC",temperature,15.637249005736289,%,2025-02-23T05:51:41+0000,2025-02-23T11:21:12+0530,Asia/Kolkata,-72.8375795,2.987817,,,,Chandigarh Pollution Control Committee,CPCB
233415,"Sector 22, Chandigarh - CPCC",no,2.5309372721124332,ppb,2025-02-25T08:43:10+0000,2025-02-25T14:17:47+0530,Asia/Kolkata,28.924646,-101.853487,,,,Chandigarh Pollution Control Committee,CPCB
233415,"Sector 22, Chandigarh - CPCC",pm25,47.209740563692286,m/s,2025-02-25T17:20:13+0000,2025-02-25T22:48:51+0530,Asia/Kolkata,-0.869714,-47.123762,,,,Chandigarh Pollution Control Committee,CPCB
233415,"Sector 22, Chandigarh - CPCC",pm25,10.35199427839615,ppb,2025-02-19T21:57:27+0000,2025-02-20T03:28:34+0530,Asia/Kolkata,-24.368374,2.20092,,,,Chandigarh Pollution Control Committee,CPCB
233415,"Sector 22, Chandigarh - CPCC",o3,0.03797190769504507,ppb,2025-02-25T18:38:33+0000,2025-02-26T00:05:05+0530,Asia/Kolkata,62.3859895,-167.560613,,,,Chandigarh Pollution Control Committee,CPCB
233415,"Sector 22, Chandigarh - CPCC",pm25,51.67048254000078,ppb,2025-02-26T09:01:29+0000,2025-02-26T14:32:57+0530,Asia/Kolkata,79.2548135,159.281173,,,,Chandigarh Pollution Control Committee,CPCB
233415,"Sector 22, Chandigarh - CPCC",nox,57.76821132014581,µg/m³,2025-03-02T12:57:41+0000,2025-03-02T18:28:57+0530,Asia/Kolkata,-76.1264155,-119.860021,,,,Chandigarh Pollution Control Committee,CPCB
233415,"Sector 22, Chandigarh - CPCC",relativehumidity,11.089667566070915,µg/m³,2025-02-23T10:36:36+0000,2025-02-23T16:09:57+0530,Asia/Kolkata,-13.990947,55.914099,,,,Chandigarh Pollution Control Committee,CPCB
233415,"Sector 22, Chandigarh - CPCC",nox,7.346462188309811,ppb,2025-02-28T23:33:35+0000,2025-03-01T05:04:43+0530,Asia/Kolkata,-40.6531355,-175.855599,,,,Chandigarh Pollution Control Committee,CPCB
233415,"Sector 22, Chandigarh - CPCC",wind_speed,99.41207432847578,µg/m³,2025-03-02T03:38:21+0000,2025-03-02T09:11:02+0530,Asia/Kolkata,-81.037575,143.459131,,,,Chandigarh Pollution Control Committee,CPCB
233415,"Sector 22, Chandigarh - CPCC",pm25,222.8659996815197,µg/m³,2025-02-19T22:20:19+0000,2025-02-20T03:48:53+0530,Asia/Kolkata,-60.8461665,-169.054628,,,,Chandigarh Pollution Control Committee,CPCB
233415,"Sector 22, Chandigarh - CPCC",wind_speed,28.082600715718048,m/s,2025-02-23T22:13:30+0000,2025-02-24T03:36:34+0530,Asia/Kolkata,-59.015205,33.034267,,,,Chandigarh Pollution Control Committee,CPCB
233415,"Sector 22, Chandigarh - CPCC",pm25,11.246169072595848,deg,2025-02-19T00:50:21+0000,2025-02-19T06:19:51+0530,Asia/Kolkata,19.472225,-127.501361,,,,Chandigarh Pollution Control Committee,CPCB
233415,"Sector 22, Chandigarh - CPCC",no2,236.63052394850112,ppb,2025-02-28T02:39:27+0000,2025-02-28T08:08:22+0530,Asia/Kolkata,-83.5259045,25.433513,,,,Chandigarh Pollution Control Committee,CPCB
233415,"Sector 22, Chandigarh - CPCC",co,1.321617353538276,ppb,2025-03-02T04:01:55+0000,2025-03-02T09:32:33+0530,Asia/Kolkata,-21.181625,-147.467536,,,,Chandigarh Pollution Control Committee,CPCB
233415,"Sector 22, Chandigarh - CPCC",no2,6.997904809608958,ppb,2025-02-27T10:26:41+0000,2025-02-27T15:52:52+0530,Asia/Kolkata,-84.527144,121.712151,,,,Chandigarh Pollution Control Committee,CPCB
233415,"Sector 22, Chandigarh - CPCC",pm25,189.6689832212051,µg/m³,2025-02-21T21:05:05+0000,2025-02-22T02:35:54+0530,Asia/Kolkata,-16.930712,32.375239,,,,Chandigarh Pollution Control Committee,CPCB
233415,"Sector 22, Chandigarh - CPCC",nox,89.54504040562684,ppb,2025-02-26T21:46:08+0000,2025-02-27T03:16:01+0530,Asia/Kolkata,-89.685948,-16.739229,,,,Chandigarh Pollution Control Committee,CPCB
233415,"Sector 22, Chandigarh - CPCC",relativehumidity,5.62623493078076,µg/m³,2025-02-26T12:07:33+0000,2025-02-26T17:39:17+0530,Asia/Kolkata,67.743014,51.750638,,,,Chandigarh Pollution Control Committee,CPCB
233415,"Sector 22, Chandigarh - CPCC",o3,106.61380593991063,µg/m³,2025-02-26T10:06:35+0000,2025-02-26T15:37:18+0530,Asia/Kolkata,77.2590125,-18.937279,,,,Chandigarh Pollution Control Committee,CPCB
233415,"Sector 22, Chandigarh - CPCC",temperature,41.68728232288398,%,2025-02-23T13:45:40+0000,2025-02-23T19:15:48+0530,Asia/Kolkata,-51.185967,54.284385,,,,Chandigarh Pollution Control Committee,CPCB
233415,"Sector 22, Chandigarh - CPCC",o3,19.55619363365701,µg/m³,2025-03-02T14:07:26+0000,2025-03-02T19:37:15+0530,Asia/Kolkata,-37.998568,-132.544972,,,,Chandigarh Pollution Control Committee,CPCB
233415,"Sector 22, Chandigarh - CPCC",no2,14.917373584380252,ppb,2025-02-25T12:06:44+0000,2025-02-25T17:31:44+0530,Asia/Kolkata,-27.941715,-65.719386,,,,Chandigarh Pollution Control Committee,CPCB
233415,"Sector 22, Chandigarh - CPCC",relativehumidity,84.66900659801249,ppb,2025-03-03T14:43:05+0000,2025-03-03T20:15:10+0530,Asia/Kolkata,-64.8364915,106.513848,,,,Chandigarh Pollution Control Committee,CPCB
233415,"Sector 22, Chandigarh - CPCC",co,71.33906868666409,ppb,2025-02-25T19:17:03+0000,2025-02-26T00:50:40+0530,Asia/Kolkata,-3.2721545,-172.511,,,,Chandigarh Pollution Control Committee,CPCB
233415,"Sector 22, Chandigarh - CPCC",wind_speed,0.04857665122125306,m/s,2025-02-20T16:09:02+0000,2025-02-20T21:37:17+0530,Asia/Kolkata,38.3950735,-138.847199,,,,Chandigarh Pollution Control Committee,CPCB
233415,"Sector 22, Chandigarh - CPCC",relativehumidity,1.547177309692535,ppb,2025-02-22T16:48:49+0000,2025-02-22T22:22:12+0530,Asia/Kolkata,-9.0501605,-64.127823,,,,Chandigarh Pollution Control Committee,CPCB
233415,"Sector 22, Chandigarh - CPCC",no,1.7794907499393884,ppb,2025-03-01T02:04:42+0000,2025-03-01T07:31:57+0530,Asia/Kolkata,13.829763,-77.227243,,,,Chandigarh Pollution Control Committee,CPCB
233415,"Sector 22, Chandigarh - CPCC",relativehumidity,284.86224495674236,ppb,2025-02-19T12:14:51+0000,2025-02-19T17:44:26+0530,Asia/Kolkata,76.615428,-1.692146,,,,Chandigarh Pollution Control Committee,CPCB
233415,"Sector 22, Chandigarh - CPCC",relativehumidity,24.973579917453858,µg/m³,2025-02-20T20:55:39+0000,2025-02-21T02:25:00+0530,Asia/Kolkata,59.866446,156.604487,,,,Chandigarh Pollution Control Committee,CPCB
233415,"Sector 22, Chandigarh - CPCC",co,65.36243326173155,ppb,2025-02-27T14:41:25+0000,2025-02-27T20:07:29+0530,Asia/Kolkata,-58.540699,-65.838772,,,,Chandigarh Pollution Control Committee,CPCB
233415,"Sector 22, Chandigarh - CPCC",pm25,0.5594720942543492,µg/m³,2025-02-23T01:01:53+0000,2025-02-23T06:30:29+0530,Asia/Kolkata,-59.709583,-152.538528,,,,Chandigarh Pollution Control Committee,CPCB
233415,"Sector 22, Chandigarh - CPCC",no,15.80427757822251,ppb,2025-02-18T22:52:38+0000,2025-02-19T04:22:47+0530,Asia/Kolkata,56.7371745,39.700655,,,,Chandigarh Pollution Control Committee,CPCB
233415,"Sector 22, Chandigarh - CPCC",no2,0.3423747028075022,µg/m³,2025-02-18T22:46:17+0000,2025-02-19T04:16:06+0530,Asia/Kolkata,-1.7004035,95.310179,,,,Chandigarh Pollution Control Committee,CPCB
233415,"Sector 22, Chandigarh - CPCC",wind_direction,28.22212698182513,m/s,2025-02-28T12:40:15+0000,2025-02-28T18:13:03+0530,Asia/Kolkata,-58.395387,74.647995,,,,Chandigarh Pollution Control Committee,CPCB
233415,"Sector 22, Chandigarh - CPCC",o3,2.8699646351362635,µg/m³,2025-03-01T07:54:13+0000,2025-03-01T13:26:02+0530,Asia/Kolkata,82.168686,4.753642,,,,Chandigarh Pollution Control Committee,CPCB
233415,"Sector 22, Chandigarh - CPCC",wind_direction,7.243656364235888,m/s,2025-02-22T22:53:34+0000,2025-02-23T04:26:55+0530,Asia/Kolkata,30.8800165,-96.534138,,,,Chandigarh Pollution Control Committee,CPCB
233415,"Sector 22, Chandigarh - CPCC",relativehumidity,75.30887071654278,c,2025-02-28T19:09:37+0000,2025-03-01T00:40:17+0530,Asia/Kolkata,-80.723086,-68.944425,,,,Chandigarh Pollution Control Committee,CPCB
233415,"Sector 22, Chandigarh - CPCC",relativehumidity,4.437223677141358,ppb,2025-02-19T04:03:47+0000,2025-02-19T09:34:23+0530,Asia/Kolkata,-87.2342425,-13.547579,,,,Chandigarh Pollution Control Committee,CPCB
233415,"Sector 22, Chandigarh - CPCC",so2,0.4843182673073444,µg/m³,2025-02-22T13:52:16+0000,2025-02-22T19:18:36+0530,Asia/Kolkata,-72.9775115,-135.251586,,,,Chandigarh Pollution Control Committee,CPCB
233415,"Sector 22, Chandigarh - CPCC",wind_speed,0.122679475789281,m/s,2025-02-22T14:59:50+0000,2025-02-22T20:26:34+0530,Asia/Kolkata,-9.1783435,-88.198864,,,,Chandigarh Pollution Control Committee,CPCB
233415,"Sector 22, Chandigarh - CPCC",temperature,14.845916691127028,m/s,2025-03-01T19:11:24+0000,2025-03-02T00:39:19+0530,Asia/Kolkata,44.3622125,116.727018,,,,Chandigarh Pollution Control Committee,CPCB
233415,"Sector 22, Chandigarh - CPCC",co,2.0899795189209938,ppb,2025-02-27T14:29:39+0000,2025-02-27T19:59:29+0530,Asia/Kolkata,-29.864216,-177.107464,,,,Chandigarh Pollution Control Committee,CPCB
233415,"Sector 22, Chandigarh - CPCC",pm25,24.971873941249708,µg/m³,2025-02-22T14:52:20+0000,2025-02-22T20:24:38+0530,Asia/Kolkata,72.995487,27.527492,,,,Chandigarh Pollution Control Committee,CPCB
233415,"Sector 22, Chandigarh - CPCC",o3,13.464130944712192,µg/m³,2025-02-28T17:44:28+0000,2025-02-28T23:13:13+0530,Asia/Kolkata,45.286511,144.91986,,,,Chandigarh Pollution Control Committee,CPCB
233415,"Sector 22, Chandigarh - CPCC",no,0.5175795038505007,ppb,2025-02-25T03:26:14+0000,2025-02-25T08:52:14+0530,Asia/Kolkata,-13.6417815,117.082193,,,,Chandigarh Pollution Control Committee,CPCB
233415,"Sector 22, Chandigarh - CPCC",no2,5.236242868209942,ppb,2025-02-27T22:31:43+0000,2025-02-28T04:00:15+0530,Asia/Kolkata,77.3684205,-38.565425,,,,Chandigarh Pollution Control Committee,CPCB
233415,"Sector 22, Chandigarh - CPCC",temperature,17.328101243387138,ppb,2025-02-24T18:26:30+0000,2025-02-24T23:57:25+0530,Asia/Kolkata,69.857358,110.952983,,,,Chandigarh Pollution Control Committee,CPCB
233415,"Sector 22, Chandigarh - CPCC",relativehumidity,3.47111174763668,c,2025-02-27T07:34:53+0000,2025-02-27T13:01:54+0530,Asia/Kolkata,-59.6529525,-130.258272,,,,Chandigarh Pollution Control Committee,CPCB
233415,"Sector 22, Chandigarh - CPCC",wind_direction,1.1558118170297076,deg,2025-02-23T11:59:51+0000,2025-02-23T17:27:25+0530,Asia/Kolkata,-8.825238,137.662742,,,,Chandigarh Pollution Control Committee,CPCB
233415,"Sector 22, Chandigarh - CPCC",no,0.5059785501877389,ppb,2025-02-28T11:48:58+0000,2025-02-28T17:20:58+0530,Asia/Kolkata,-49.1202445,162.997061,,,,Chandigarh Pollution Control Committee,CPCB
233415,"Sector 22, Chandigarh - CPCC",no2,0.37369617747053835,ppb,2025-03-02T06:43:20+0000,2025-03-02T12:13:48+0530,Asia/Kolkata,-43.3662225,148.901654,,,,Chandigarh Pollution Control Committee,CPCB
233415,"Sector 22, Chandigarh - CPCC",no,0.31786070974765396,ppb,2025-02-20T20:32:04+0000,2025-02-21T02:03:38+0530,Asia/Kolkata,-45.3430695,148.735531,,,,Chandigarh Pollution Control Committee,CPCB
233415,"Sector 22, Chandigarh - CPCC",pm25,3.1884097088404713,%,2025-03-03T15:06:23+0000,2025-03-03T20:36:05+0530,Asia/Kolkata,74.061242,-163.634127,,,,Chandigarh Pollution Control Committee,CPCB
233415,"Sector 22, Chandigarh - CPCC",pm10,4.146512045962227,%,2025-02-24T11:58:46+0000,2025-02-24T17:29:01+0530,Asia/Kolkata,14.53614,-126.956787,,,,Chandigarh Pollution Control Committee,CPCB
233415,"Sector 22, Chandigarh - CPCC",relativehumidity,12.464310304299824,µg/m³,2025-02-25T03:10:32+0000,2025-02-25T08:38:29+0530,Asia/Kolkata,9.5940645,-110.863984,,,,Chandigarh Pollution Control Committee,CPCB
233415,"Sector 22, Chandigarh - CPCC",temperature,154.1705661202705,ppb,2025-02-18T20:35:34+0000,2025-02-19T02:05:34+0530,Asia/Kolkata,84.740465,102.271756,,,,Chandigarh Pollution Control Committee,CPCB
233415,"Sector 22, Chandigarh - CPCC",relativehumidity,20.45281862817284,µg/m³,2025-02-24T03:41:22+0000,2025-02-24T09:10:42+0530,Asia/Kolkata,3.813633,-163.380811,,,,Chandigarh Pollution Control Committee,CPCB
233415,"Sector 22, Chandigarh - CPCC",no2,11.901623344827028,ppb,2025-02-27T22:43:00+0000,2025-02-28T04:18:00+0530,Asia/Kolkata,18.8138285,94.590946,,,,Chandigarh Pollution Control Committee,CPCB
233415,"Sector 22, Chandigarh - CPCC",wind_speed,28.539701322430687,%,2025-03-03T11:14:44+0000,2025-03-03T16:43:35+0530,Asia/Kolkata,26.6112005,-119.890289,,,,Chandigarh Pollution Control Committee,CPCB
233415,"Sector 22, Chandigarh - CPCC",so2,16.589954329789418,µg/m³,2025-02-24T17:41:17+0000,2025-02-24T23:13:06+0530,Asia/Kolkata,27.669613,17.334774,,,,Chandigarh Pollution Control Committee,CPCB
233415,"Sector 22, Chandigarh - CPCC",no2,5.237459525434988,ppb,2025-02-28T10:50:58+0000,2025-02-28T16:22:09+0530,Asia/Kolkata,50.574124,-102.921557,,,,Chandigarh Pollution Control Committee,CPCB
233415,"Sector 22, Chandigarh - CPCC",no2,83.41710959999078,µg/m³,2025-03-01T17:40:01+0000,2025-03-01T23:06:34+0530,Asia/Kolkata,-13.8194075,-10.240786,,,,Chandigarh Pollution Control Committee,CPCB
233415,"Sector 22, Chandigarh - CPCC",no,4.133714004643842,ppb,2025-03-02T06:39:45+0000,2025-03-02T12:09:11+0530,Asia/Kolkata,73.9228475,-58.096458,,,,Chandigarh Pollution Control Committee,CPCB
233415,"Sector 22, Chandigarh - CPCC",relativehumidity,8.094619933880665,%,2025-02-26T21:02:15+0000,2025-02-27T02:31:15+0530,Asia/Kolkata,77.755209,-94.817842,,,,Chandigarh Pollution Control Committee,CPCB
233415,"Sector 22, Chandigarh - CPCC",relativehumidity,67.11151603480901,µg/m³,2025-02-27T07:19:17+0000,2025-02-27T12:50:19+0530,Asia/Kolkata,75.0374695,86.516262,,,,Chandigarh Pollution Control Committee,CPCB
233415,"Sector 22, Chandigarh - CPCC",so2,1.3814786373213477,µg/m³,2025-02-24T20:45:16+0000,2025-02-25T02:14:08+0530,Asia/Kolkata,89.4098245,76.899981,,,,Chandigarh Pollution Control Committee,CPCB
233415,"Sector 22, Chandigarh - CPCC",so2,15.265014000508565,%,2025-02-21T15:19:22+0000,2025-02-21T20:48:00+0530,Asia/Kolkata,35.0968145,-149.301327,,,,Chandigarh Pollution Control Committee,CPCB
233415,"Sector 22, Chandigarh - CPCC",wind_direction,17.220700379006995,µg/m³,2025-02-24T00:38:56+0000,2025-02-24T06:05:15+0530,Asia/Kolkata,-24.9883285,-28.798966,,,,Chandigarh Pollution Control Committee,CPCB
233415,"Sector 22, Chandigarh - CPCC",temperature,134.0197509079945,µg/m³,2025-03-02T16:23:04+0000,2025-03-02T21:55:29+0530,Asia/Kolkata,-10.4739955,-113.665007,,,,Chandigarh Pollution Control Committee,CPCB
233415,"Sector 22, Chandigarh - CPCC",so2,1.3985565201908854,ppb,2025-02-26T03:27:28+0000,2025-02-26T08:58:35+0530,Asia/Kolkata,43.591645,-56.226882,,,,Chandigarh Pollution Control Committee,CPCB
233415,"Sector 22, Chandigarh - CPCC",so2,10.427261614006888,µg/m³,2025-02-23T19:27:21+0000,2025-02-24T01:00:48+0530,Asia/Kolkata,16.25796,5.329158,,,,Chandigarh Pollution Control Committee,CPCB
233415,"Sector 22, Chandigarh - CPCC",pm25,25.111571243848026,ppb,2025-02-25T20:11:40+0000,2025-02-26T01:44:30+0530,Asia/Kolkata,15.926295,-97.464389,,,,Chandigarh Pollution Control Committee,CPCB
233415,"Sector 22, Chandigarh - CPCC",pm25,14.516408064450326,ppb,2025-02-23T09:48:39+0000,2025-02-23T15:15:52+0530,Asia/Kolkata,84.065482,156.212368,,,,Chandigarh Pollution Control Committee,CPCB
233415,"Sector 22, Chandigarh - CPCC",pm10,7.9832844640481175,µg/m³,2025-02-20T00:55:48+0000,2025-02-20T06:25:25+0530,Asia/Kolkata,-3.125651,-156.406999,,,,Chandigarh Pollution Control Committee,CPCB
233415,"Sector 22, Chandigarh - CPCC",co,0.36762596785533513,ppb,2025-02-25T20:42:35+0000,2025-02-26T02:13:24+0530,Asia/Kolkata,-49.068941,-177.247174,,,,Chandigarh Pollution Control Committee,CPCB
233415,"Sector 22, Chandigarh - CPCC",wind_direction,0.7733302072579188,deg,2025-02-24T16:38:00+0000,2025-02-24T22:09:15+0530,Asia/Kolkata,54.6280685,-40.928566,,,,Chandigarh Pollution Control Committee,CPCB
233415,"Sector 22, Chandigarh - CPCC",so2,1.1606937658766814,m/s,2025-02-27T10:46:57+0000,2025-02-27T16:16:10+0530,Asia/Kolkata,-66.3892525,15.503527,,,,Chandigarh Pollution Control Committee,CPCB
233415,"Sector 22, Chandigarh - CPCC",pm25,0.2101332671374911,%,2025-02-23T17:29:25+0000,2025-02-23T22:56:08+0530,Asia/Kolkata,12.870789,-129.586586,,,,Chandigarh Pollution Control Committee,CPCB
233415,"Sector 22, Chandigarh - CPCC",nox,0.0398777550341013,c,2025-03-01T09:26:42+0000,2025-03-01T15:01:41+0530,Asia/Kolkata,-31.925458,174.729605,,,,Chandigarh Pollution Control Committee,CPCB
233415,"Sector 22, Chandigarh - CPCC",no,3.1474942908169448,ppb,2025-02-28T04:40:55+0000,2025-02-28T10:14:56+0530,Asia/Kolkata,85.5395005,-108.427918,,,,Chandigarh Pollution Control Committee,CPCB
233415,"Sector 22, Chandigarh - CPCC",co,24.544505980606214,ppb,2025-02-22T17:35:06+0000,2025-02-22T23:07:38+0530,Asia/Kolkata,30.3359935,-91.549105,,,,Chandigarh Pollution Control Committee,CPCB
233415,"Sector 22, Chandigarh - CPCC",co,2.152714620703005,ppb,2025-02-24T08:53:50+0000,2025-02-24T14:24:45+0530,Asia/Kolkata,-77.182937,-168.992948,,,,Chandigarh Pollution Control Committee,CPCB
233415,"Sector 22, Chandigarh - CPCC",co,0.12929201606491975,ppb,2025-03-01T09:03:39+0000,2025-03-01T14:35:53+0530,Asia/Kolkata,85.824401,-124.810149,,,,Chandigarh Pollution Control Committee,CPCB
233415,"Sector 22, Chandigarh - CPCC",no2,0.43572551878308796,µg/m³,2025-02-26T07:14:51+0000,2025-02-26T12:45:03+0530,Asia/Kolkata,-88.084957,117.584304,,,,Chandigarh Pollution Control Committee,CPCB
233415,"Sector 22, Chandigarh - CPCC",o3,39.94915037580484,ppb,2025-02-26T04:00:48+0000,2025-02-26T09:28:23+0530,Asia/Kolkata,42.672233,7.375053,,,,Chandigarh Pollution Control Committee,CPCB
233415,"Sector 22, Chandigarh - CPCC",temperature,51.85192299654208,c,2025-03-02T19:44:24+0000,2025-03-03T01:14:07+0530,Asia/Kolkata,-78.231014,29.250103,,,,Chandigarh Pollution Control Committee,CPCB
233415,"Sector 22, Chandigarh - CPCC",no2,70.59950104890639,ppb,2025-02-25T21:53:05+0000,2025-02-26T03:23:50+0530,Asia/Kolkata,-32.0615185,-132.897367,,,,Chandigarh Pollution Control Committee,CPCB
233415,"Sector 22, Chandigarh - CPCC",co,25.102131782171277,ppb,2025-02-25T12:28:20+0000,2025-02-25T17:54:49+0530,Asia/Kolkata,-15.241806,-169.248053,,,,Chandigarh Pollution Control Committee,CPCB
233415,"Sector 22, Chandigarh - CPCC",pm25,238.19040777099346,µg/m³,2025-02-19T14:10:06+0000,2025-02-19T19:41:13+0530,Asia/Kolkata,72.1489635,65.052225,,,,Chandigarh Pollution Control Committee,CPCB
233415,"Sector 22, Chandigarh - CPCC",pm25,29.822655720881805,µg/m³,2025-02-20T13:58:50+0000,2025-02-20T19:30:00+0530,Asia/Kolkata,48.441363,95.972502,,,,Chandigarh Pollution Control Committee,CPCB
233415,"Sector 22, Chandigarh - CPCC",pm10,23.36699189502516,%,2025-02-22T08:21:42+0000,2025-02-22T13:51:41+0530,Asia/Kolkata,-51.826238,-75.785843,,,,Chandigarh Pollution Control Committee,CPCB
233415,"Sector 22, Chandigarh - CPCC",so2,0.05011958311755148,ppb,2025-02-25T23:59:26+0000,2025-02-26T05:34:01+0530,Asia/Kolkata,-42.4753485,-9.521592,,,,Chandigarh Pollution Control Committee,CPCB
233415,"Sector 22, Chandigarh - CPCC",wind_direction,7.681682453178733,ppb,2025-02-20T01:49:48+0000,2025-02-20T07:19:37+0530,Asia/Kolkata,29.888515,-12.610506,,,,Chandigarh Pollution Control Committee,CPCB
233415,"Sector 22, Chandigarh - CPCC",no,14.174004655192716,ppb,2025-02-28T18:12:21+0000,2025-02-28T23:47:51+0530,Asia/Kolkata,-58.218712,-152.578218,,,,Chandigarh Pollution Control Committee,CPCB
233415,"Sector 22, Chandigarh - CPCC",wind_speed,24.425669976837288,m/s,2025-02-27T07:42:14+0000,2025-02-27T13:13:05+0530,Asia/Kolkata,51.9027955,-101.789938,,,,Chandigarh Pollution Control Committee,CPCB
233415,"Sector 22, Chandigarh - CPCC",o3,0.7041413043804617,ppb,2025-02-19T12:23:19+0000,2025-02-19T17:53:24+0530,Asia/Kolkata,-19.8962295,143.060452,,,,Chandigarh Pollution Control Committee,CPCB
233415,"Sector 22, Chandigarh - CPCC",temperature,19.646834187755967,µg/m³,2025-02-27T23:48:36+0000,2025-02-28T05:15:44+0530,Asia/Kolkata,-39.4653435,57.869359,,,,Chandigarh Pollution Control Committee,CPCB
233415,"Sector 22, Chandigarh - CPCC",co,61.565126175608555,ppb,2025-03-02T03:03:14+0000,2025-03-02T08:34:02+0530,Asia/Kolkata,-4.376488,-153.995369,,,,Chandigarh Pollution Control Committee,CPCB
233415,"Sector 22, Chandigarh - CPCC",temperature,32.71953349297907,ppb,2025-03-01T11:57:02+0000,2025-03-01T17:31:26+0530,Asia/Kolkata,-62.9728915,-38.775645,,,,Chandigarh Pollution Control Committee,CPCB
233415,"Sector 22, Chandigarh - CPCC",temperature,111.96759923294846,m/s,2025-02-20T14:48:09+0000,2025-02-20T20:17:58+0530,Asia/Kolkata,36.7524945,44.605469,,,,Chandigarh Pollution Control Committee,CPCB
233415,"Sector 22, Chandigarh - CPCC",pm25,10.143066898892041,%,2025-02-22T05:31:43+0000,2025-02-22T11:03:40+0530,Asia/Kolkata,1.462633,-76.568679,,,,Chandigarh Pollution Control Committee,CPCB
233415,"Sector 22, Chandigarh - CPCC",temperature,117.59346403352826,deg,2025-02-20T02:31:44+0000,2025-02-20T07:59:52+0530,Asia/Kolkata,71.5098455,66.536081,,,,Chandigarh Pollution Control Committee,CPCB
233415,"Sector 22, Chandigarh - CPCC",pm10,0.8438936272144775,c,2025-02-21T03:16:49+0000,2025-02-21T08:47:29+0530,Asia/Kolkata,-54.102864,54.786004,,,,Chandigarh Pollution Control Committee,CPCB
233415,"Sector 22, Chandigarh - CPCC",co,84.4778269658203,ppb,2025-02-22T16:10:30+0000,2025-02-22T21:40:53+0530,Asia/Kolkata,54.139504,-58.865027,,,,Chandigarh Pollution Control Committee,CPCB
233415,"Sector 22, Chandigarh - CPCC",no2,4.746773875654295,ppb,2025-02-20T06:15:48+0000,2025-02-20T11:43:18+0530,Asia/Kolkata,-51.7861355,-52.068509,,,,Chandigarh Pollution Control Committee,CPCB
233415,"Sector 22, Chandigarh - CPCC",co,0.06544536929364475,ppb,2025-02-23T21:28:56+0000,2025-02-24T02:57:59+0530,Asia/Kolkata,-63.705059,164.85388,,,,Chandigarh Pollution Control Committee,CPCB
233415,"Sector 22, Chandigarh - CPCC",no2,6.863765154970312,ppb,2025-02-25T03:20:27+0000,2025-02-25T08:48:06+0530,Asia/Kolkata,78.1090165,-106.419254,,,,Chandigarh Pollution Control Committee,CPCB
233415,"Sector 22, Chandigarh - CPCC",nox,1.2418142687589324,ppb,2025-02-23T05:06:00+0000,2025-02-23T10:37:57+0530,Asia/Kolkata,-59.3864335,-121.478543,,,,Chandigarh Pollution Control Committee,CPCB
233415,"Sector 22, Chandigarh - CPCC",wind_speed,35.18079595586904,m/s,2025-02-23T19:15:37+0000,2025-02-24T00:46:31+0530,Asia/Kolkata,18.6715475,-172.989787,,,,Chandigarh Pollution Control Committee,CPCB
233415,"Sector 22, Chandigarh - CPCC",co,0.08297012778294535,ppb,2025-02-21T05:26:25+0000,2025-02-21T10:55:42+0530,Asia/Kolkata,-55.5370305,-171.019649,,,,Chandigarh Pollution Control Committee,CPCB
233415,"Sector 22, Chandigarh - CPCC",relativehumidity,7.434812640196492,ppb,2025-03-03T00:39:28+0000,2025-03-03T06:08:48+0530,Asia/Kolkata,30.968436,56.613081,,,,Chandigarh Pollution Control Committee,CPCB
233415,"Sector 22, Chandigarh - CPCC",pm25,7.751235528518155,ppb,2025-02-22T23:58:19+0000,2025-02-23T05:25:42+0530,Asia/Kolkata,-51.757809,-44.137915,,,,Chandigarh Pollution Control Committee,CPCB
233415,"Sector 22, Chandigarh - CPCC",nox,8.190428234445783,ppb,2025-02-20T22:05:39+0000,2025-02-21T03:33:49+0530,Asia/Kolkata,-10.965944,95.42512,,,,Chandigarh Pollution Control Committee,CPCB
233415,"Sector 22, Chandigarh - CPCC",nox,0.5650492830436137,ppb,2025-02-26T15:28:06+0000,2025-02-26T20:52:32+0530,Asia/Kolkata,-83.972933,54.383993,,,,Chandigarh Pollution Control Committee,CPCB
233415,"Sector 22, Chandigarh - CPCC",co,31.859818640748944,ppb,2025-02-22T20:35:02+0000,2025-02-23T02:02:08+0530,Asia/Kolkata,77.447406,85.080032,,,,Chandigarh Pollution Control Committee,CPCB
233415,"Sector 22, Chandigarh - CPCC",pm25,24.67116733124225,µg/m³,2025-02-22T16:57:54+0000,2025-02-22T22:26:44+0530,Asia/Kolkata,-13.9946295,-48.408126,,,,Chandigarh Pollution Control Committee,CPCB
233415,"Sector 22, Chandigarh - CPCC",relativehumidity,27.853064556940144,c,2025-03-03T17:00:00+0000,2025-03-03T22:30:00+0530,Asia/Kolkata,88.7650055,-52.803284,,,,Chandigarh Pollution Control Committee,CPCB
233415,"Sector 22, Chandigarh - CPCC",so2,15.529643171997487,deg,2025-02-20T00:05:58+0000,2025-02-20T05:32:42+0530,Asia/Kolkata,-49.24597,-102.067566,,,,Chandigarh Pollution Control Committee,CPCB
233415,"Sector 22, Chandigarh - CPCC",so2,49.854068498041,%,2025-02-25T01:50:12+0000,2025-02-25T07:16:25+0530,Asia/Kolkata,-74.2445615,24.936575,,,,Chandigarh Pollution Control Committee,CPCB
233415,"Sector 22, Chandigarh - CPCC",pm10,2.726528764348399,ppb,2025-02-28T03:47:00+0000,2025-02-28T09:12:03+0530,Asia/Kolkata,13.9154155,83.931741,,,,Chandigarh Pollution Control Committee,CPCB
233415,"Sector 22, Chandigarh - CPCC",relativehumidity,11.319783263972514,deg,2025-03-02T19:31:54+0000,2025-03-03T00:59:51+0530,Asia/Kolkata,37.3101735,86.026769,,,,Chandigarh Pollution Control Committee,CPCB
233415,"Sector 22, Chandigarh - CPCC",temperature,3.3575075790930726,c,2025-02-20T03:04:40+0000,2025-02-20T08:36:05+0530,Asia/Kolkata,4.967763,-68.617544,,,,Chandigarh Pollution Control Committee,CPCB
233415,"Sector 22, Chandigarh - CPCC",pm25,42.580217982395666,µg/m³,2025-02-24T15:52:31+0000,2025-02-24T21:19:51+0530,Asia/Kolkata,-83.7543945,-70.815757,,,,Chandigarh Pollution Control Committee,CPCB
233415,"Sector 22, Chandigarh - CPCC",wind_direction,7.507399213697904,c,2025-03-02T08:05:59+0000,2025-03-02T13:36:38+0530,Asia/Kolkata,-50.973351,-2.129404,,,,Chandigarh Pollution Control Committee,CPCB
233415,"Sector 22, Chandigarh - CPCC",so2,67.32952161698917,deg,2025-03-02T00:32:28+0000,2025-03-02T06:03:16+0530,Asia/Kolkata,53.1413695,-147.985461,,,,Chandigarh Pollution Control Committee,CPCB
233415,"Sector 22, Chandigarh - CPCC",so2,47.36027808887131,µg/m³,2025-02-21T11:25:54+0000,2025-02-21T16:54:44+0530,Asia/Kolkata,62.357338,-127.062062,,,,Chandigarh Pollution Control Committee,CPCB
233415,"Sector 22, Chandigarh - CPCC",so2,3.5781193877125923,c,2025-02-19T06:32:24+0000,2025-02-19T12:02:51+0530,Asia/Kolkata,-51.231225,64.193088,,,,Chandigarh Pollution Control Committee,CPCB
233415,"Sector 22, Chandigarh - CPCC",temperature,89.2526532675431,deg,2025-02-21T03:24:16+0000,2025-02-21T08:50:51+0530,Asia/Kolkata,54.75648,164.736504,,,,Chandigarh Pollution Control Committee,CPCB
233415,"Sector 22, Chandigarh - CPCC",co,27.527252920914055,ppb,2025-02-25T20:47:51+0000,2025-02-26T02:13:11+0530,Asia/Kolkata,59.6583215,8.570691,,,,Chandigarh Pollution Control Committee,CPCB
233415,"Sector 22, Chandigarh - CPCC",co,47.223253600526526,ppb,2025-03-03T13:45:33+0000,2025-03-03T19:14:46+0530,Asia/Kolkata,-86.6563235,-5.420388,,,,Chandigarh Pollution Control Committee,CPCB
233415,"Sector 22, Chandigarh - CPCC",no2,33.552460313584454,µg/m³,2025-02-23T23:35:29+0000,2025-02-24T05:07:57+0530,Asia/Kolkata,9.7419885,96.232447,,,,Chandigarh Pollution Control Committee,CPCB
233415,"Sector 22, Chandigarh - CPCC",relativehumidity,11.93366249771627,ppb,2025-02-22T13:57:09+0000,2025-02-22T19:20:28+0530,Asia/Kolkata,-29.4743515,0.704642,,,,Chandigarh Pollution Control Committee,CPCB
233415,"Sector 22, Chandigarh - CPCC",nox,37.8938447332524,ppb,2025-02-28T15:57:10+0000,2025-02-28T21:25:39+0530,Asia/Kolkata,-35.0072745,-175.024515,,,,Chandigarh Pollution Control Committee,CPCB
233415,"Sector 22, Chandigarh - CPCC",wind_speed,18.16084279679284,deg,2025-03-02T22:02:18+0000,2025-03-03T03:30:39+0530,Asia/Kolkata,44.0118335,173.959561,,,,Chandigarh Pollution Control Committee,CPCB
233415,"Sector 22, Chandigarh - CPCC",nox,0.09706246348653755,µg/m³,2025-03-02T23:16:30+0000,2025-03-03T04:47:04+0530,Asia/Kolkata,86.7769545,3.156557,,,,Chandigarh Pollution Control Committee,CPCB
233415,"Sector 22, Chandigarh - CPCC",co,1.199648277173841,ppb,2025-03-02T07:12:19+0000,2025-03-02T12:43:00+0530,Asia/Kolkata,-66.9653575,14.803043,,,,Chandigarh Pollution Control Committee,CPCB
233415,"Sector 22, Chandigarh - CPCC",wind_direction,0.03959050406358491,µg/m³,2025-03-03T15:01:23+0000,2025-03-03T20:31:36+0530,Asia/Kolkata,82.09053,165.925478,,,,Chandigarh Pollution Control Committee,CPCB
233415,"Sector 22, Chandigarh - CPCC",o3,25.316719587391937,ppb,2025-02-25T18:48:57+0000,2025-02-26T00:11:22+0530,Asia/Kolkata,79.7026265,-48.607841,,,,Chandigarh Pollution Control Committee,CPCB
233415,"Sector 22, Chandigarh - CPCC",pm25,0.4171736063453564,ppb,2025-02-23T23:23:49+0000,2025-02-24T04:54:14+0530,Asia/Kolkata,0.9034935,-43.916387,,,,Chandigarh Pollution Control Committee,CPCB
233415,"Sector 22, Chandigarh - CPCC",temperature,29.40378100462256,µg/m³,2025-02-27T04:01:40+0000,2025-02-27T09:29:46+0530,Asia/Kolkata,9.6609645,27.941443,,,,Chandigarh Pollution Control Committee,CPCB
233415,"Sector 22, Chandigarh - CPCC",no,3.577347834556584e-07,ppb,2025-02-26T21:56:50+0000,2025-02-27T03:30:33+0530,Asia/Kolkata,-25.466608,3.159657,,,,Chandigarh Pollution Control Committee,CPCB
233415,"Sector 22, Chandigarh - CPCC",no2,71.80487817270834,ppb,2025-02-28T15:35:19+0000,2025-02-28T21:03:22+0530,Asia/Kolkata,-2.3369535,129.511991,,,,Chandigarh Pollution Control Committee,CPCB
233415,"Sector 22, Chandigarh - CPCC",nox,1.3517501048252434,%,2025-02-22T13:51:33+0000,2025-02-22T19:17:34+0530,Asia/Kolkata,24.5651555,87.84838,,,,Chandigarh Pollution Control Committee,CPCB
233415,"Sector 22, Chandigarh - CPCC",wind_speed,17.353058645337846,deg,2025-02-23T05:02:27+0000,2025-02-23T10:33:10+0530,Asia/Kolkata,49.7611275,96.253629,,,,Chandigarh Pollution Control Committee,CPCB
233415,"Sector 22, Chandigarh - CPCC",nox,10.966374881811454,ppb,2025-02-22T09:26:12+0000,2025-02-22T14:54:18+0530,Asia/Kolkata,7.0310985,104.154215,,,,Chandigarh Pollution Control Committee,CPCB
233415,"Sector 22, Chandigarh - CPCC",relativehumidity,37.25753132222326,m/s,2025-03-01T22:48:01+0000,2025-03-02T04:18:21+0530,Asia/Kolkata,88.2865295,141.893627,,,,Chandigarh Pollution Control Committee,CPCB
233415,"Sector 22, Chandigarh - CPCC",temperature,128.55965141081688,%,2025-02-20T16:02:31+0000,2025-02-20T21:31:15+0530,Asia/Kolkata,81.7337805,-53.252059,,,,Chandigarh Pollution Control Committee,CPCB
233415,"Sector 22, Chandigarh - CPCC",co,0.5586159136418122,ppb,2025-02-18T21:06:01+0000,2025-02-19T02:36:02+0530,Asia/Kolkata,-85.798425,175.859405,,,,Chandigarh Pollution Control Committee,CPCB
233415,"Sector 22, Chandigarh - CPCC",co,143.1220747044385,ppb,2025-02-21T09:53:24+0000,2025-02-21T15:25:53+0530,Asia/Kolkata,-36.602323,-168.241671,,,,Chandigarh Pollution Control Committee,CPCB
233415,"Sector 22, Chandigarh - CPCC",pm10,2.1960658683171803,%,2025-02-26T03:17:43+0000,2025-02-26T08:46:17+0530,Asia/Kolkata,-10.59711,60.717721,,,,Chandigarh Pollution Control Committee,CPCB
233415,"Sector 22, Chandigarh - CPCC",co,22.91238990340828,ppb,2025-02-19T22:29:38+0000,2025-02-20T03:58:15+0530,Asia/Kolkata,82.474513,-126.054435,,,,Chandigarh Pollution Control Committee,CPCB
233415,"Sector 22, Chandigarh - CPCC",wind_direction,127.30323755447075,deg,2025-02-26T17:57:23+0000,2025-02-26T23:30:26+0530,Asia/Kolkata,-4.537942,-94.039574,,,,Chandigarh Pollution Control Committee,CPCB
233415,"Sector 22, Chandigarh - CPCC",temperature,0.3733662966928594,c,2025-02-22T10:14:18+0000,2025-02-22T15:44:01+0530,Asia/Kolkata,-59.3983105,-112.412418,,,,Chandigarh Pollution Control Committee,CPCB
233415,"Sector 22, Chandigarh - CPCC",so2,153.0689093340225,deg,2025-02-19T13:47:51+0000,2025-02-19T19:15:47+0530,Asia/Kolkata,71.3977445,-55.448023,,,,Chandigarh Pollution Control Committee,CPCB
233415,"Sector 22, Chandigarh - CPCC",no,22.52353370497127,µg/m³,2025-02-22T23:35:07+0000,2025-02-23T05:02:30+0530,Asia/Kolkata,-82.2272165,5.885731,,,,Chandigarh Pollution Control Committee,CPCB
233415,"Sector 22, Chandigarh - CPCC",no2,54.53778981767273,ppb,2025-02-23T19:30:02+0000,2025-02-24T01:04:56+0530,Asia/Kolkata,-5.032584,49.553355,,,,Chandigarh Pollution Control Committee,CPCB
233415,"Sector 22, Chandigarh - CPCC",relativehumidity,1.1007592985668304,µg/m³,2025-02-26T10:51:18+0000,2025-02-26T16:21:17+0530,Asia/Kolkata,-41.412268,152.085377,,,,Chandigarh Pollution Control Committee,CPCB
233415,"Sector 22, Chandigarh - CPCC",nox,4.8695660127595595,ppb,2025-02-20T03:57:08+0000,2025-02-20T09:28:51+0530,Asia/Kolkata,18.5936995,-116.73809,,,,Chandigarh Pollution Control Committee,CPCB
233415,"Sector 22, Chandigarh - CPCC",temperature,31.31791920453056,deg,2025-02-24T23:57:44+0000,2025-02-25T05:27:05+0530,Asia/Kolkata,-51.6602205,-85.076451,,,,Chandigarh Pollution Control Committee,CPCB
233415,"Sector 22, Chandigarh - CPCC",wind_direction,0.013370846960995752,%,2025-02-23T07:36:19+0000,2025-02-23T13:01:13+0530,Asia/Kolkata,22.6794205,-47.299283,,,,Chandigarh Pollution Control Committee,CPCB
233415,"Sector 22, Chandigarh - CPCC",no2,14.052259219328313,ppb,2025-02-26T07:27:05+0000,2025-02-26T12:57:49+0530,Asia/Kolkata,-13.4982795,-19.959588,,,,Chandigarh Pollution Control Committee,CPCB
233415,"Sector 22, Chandigarh - CPCC",no2,73.62751215974156,ppb,2025-02-22T15:50:56+0000,2025-02-22T21:19:48+0530,Asia/Kolkata,-40.4777315,123.32559,,,,Chandigarh Pollution Control Committee,CPCB
233415,"Sector 22, Chandigarh - CPCC",wind_direction,14.152745290129133,µg/m³,2025-02-28T01:17:15+0000,2025-02-28T06:49:28+0530,Asia/Kolkata,38.158035,-169.976049,,,,Chandigarh Pollution Control Committee,CPCB
233415,"Sector 22, Chandigarh - CPCC",pm25,14.594137596115436,%,2025-03-02T19:24:44+0000,2025-03-03T00:54:19+0530,Asia/Kolkata,86.5675885,21.223114,,,,Chandigarh Pollution Control Committee,CPCB
233415,"Sector 22, Chandigarh - CPCC",wind_speed,1.3192790005487889,m/s,2025-03-01T13:03:43+0000,2025-03-01T18:33:50+0530,Asia/Kolkata,-1.950189,-81.921465,,,,Chandigarh Pollution Control Committee,CPCB
233415,"Sector 22, Chandigarh - CPCC",no,54.62194595882103,ppb,2025-02-25T15:07:56+0000,2025-02-25T20:37:38+0530,Asia/Kolkata,84.7257205,37.395767,,,,Chandigarh Pollution Control Committee,CPCB
233415,"Sector 22, Chandigarh - CPCC",pm25,0.027920711684713415,c,2025-02-26T15:25:33+0000,2025-02-26T20:50:02+0530,Asia/Kolkata,-23.2674245,173.027082,,,,Chandigarh Pollution Control Committee,CPCB
233415,"Sector 22, Chandigarh - CPCC",pm25,8.800918585263876,ppb,2025-02-19T00:43:19+0000,2025-02-19T06:13:28+0530,Asia/Kolkata,55.698984,-125.679693,,,,Chandigarh Pollution Control Committee,CPCB
233415,"Sector 22, Chandigarh - CPCC",o3,29.64174411635387,ppb,2025-02-19T21:39:43+0000,2025-02-20T03:10:26+0530,Asia/Kolkata,52.870814,-165.214402,,,,Chandigarh Pollution Control Committee,CPCB
233415,"Sector 22, Chandigarh - CPCC",no,7.93772025490246,ppb,2025-02-22T08:04:27+0000,2025-02-22T13:30:37+0530,Asia/Kolkata,11.659891,106.363155,,,,Chandigarh Pollution Control Committee,CPCB
233415,"Sector 22, Chandigarh - CPCC",wind_speed,19.24572621746668,m/s,2025-03-03T01:27:01+0000,2025-03-03T06:59:10+0530,Asia/Kolkata,1.180116,3.797662,,,,Chandigarh Pollution Control Committee,CPCB
233415,"Sector 22, Chandigarh - CPCC",wind_speed,4.712557022074373,deg,2025-02-23T21:30:52+0000,2025-02-24T03:06:27+0530,Asia/Kolkata,-88.280461,-51.458416,,,,Chandigarh Pollution Control Committee,CPCB
233415,"Sector 22, Chandigarh - CPCC",no2,9.176261384656375,ppb,2025-03-01T04:59:50+0000,2025-03-01T10:29:50+0530,Asia/Kolkata,-2.636034,129.739225,,,,Chandigarh Pollution Control Committee,CPCB
233415,"Sector 22, Chandigarh - CPCC",co,0.03133081483494623,ppb,2025-02-21T03:39:59+0000,2025-02-21T09:05:59+0530,Asia/Kolkata,-14.9104385,-33.955356,,,,Chandigarh Pollution Control Committee,CPCB
233415,"Sector 22, Chandigarh - CPCC",so2,175.85904778180856,µg/m³,2025-02-24T21:53:48+0000,2025-02-25T03:26:34+0530,Asia/Kolkata,11.528896,86.728053,,,,Chandigarh Pollution Control Committee,CPCB
233415,"Sector 22, Chandigarh - CPCC",no2,63.562595122617125,µg/m³,2025-02-19T20:02:11+0000,2025-02-20T01:31:06+0530,Asia/Kolkata,-28.384428,-113.622024,,,,Chandigarh Pollution Control Committee,CPCB
233415,"Sector 22, Chandigarh - CPCC",pm25,6.598142800948679,%,2025-02-28T05:12:09+0000,2025-02-28T10:44:11+0530,Asia/Kolkata,-11.2717945,132.12492,,,,Chandigarh Pollution Control Committee,CPCB
233415,"Sector 22, Chandigarh - CPCC",no2,2.8076561758277827,ppb,2025-02-28T18:12:27+0000,2025-02-28T23:39:16+0530,Asia/Kolkata,38.1138155,152.087484,,,,Chandigarh Pollution Control Committee,CPCB
233415,"Sector 22, Chandigarh - CPCC",nox,139.9885680906118,ppb,2025-02-20T10:03:57+0000,2025-02-20T15:34:24+0530,Asia/Kolkata,-26.4073475,74.812091,,,,Chandigarh Pollution Control Committee,CPCB
233415,"Sector 22, Chandigarh - CPCC",o3,70.73407129713091,ppb,2025-02-19T12:02:32+0000,2025-02-19T17:31:51+0530,Asia/Kolkata,-49.185778,-152.522341,,,,Chandigarh Pollution Control Committee,CPCB
233415,"Sector 22, Chandigarh - CPCC",wind_speed,145.3149541155565,m/s,2025-02-25T03:02:19+0000,2025-02-25T08:30:50+0530,Asia/Kolkata,-37.9163285,-15.196127,,,,Chandigarh Pollution Control Committee,CPCB
233415,"Sector 22, Chandigarh - CPCC",nox,0.05904381505363,ppb,2025-02-21T02:04:36+0000,2025-02-21T07:37:45+0530,Asia/Kolkata,-79.161212,-42.10471,,,,Chandigarh Pollution Control Committee,CPCB
233415,"Sector 22, Chandigarh - CPCC",temperature,4.3327370397864495,deg,2025-02-20T02:11:30+0000,2025-02-20T07:42:15+0530,Asia/Kolkata,-44.0097485,-169.457848,,,,Chandigarh Pollution Control Committee,CPCB
233415,"Sector 22, Chandigarh - CPCC",so2,16.670556633983647,%,2025-02-21T02:11:40+0000,2025-02-21T07:38:09+0530,Asia/Kolkata,-28.579197,86.881225,,,,Chandigarh Pollution Control Committee,CPCB
233415,"Sector 22, Chandigarh - CPCC",temperature,2.2685318827653065,ppb,2025-02-19T02:27:35+0000,2025-02-19T07:58:06+0530,Asia/Kolkata,66.82041,-131.431044,,,,Chandigarh Pollution Control Committee,CPCB
233415,"Sector 22, Chandigarh - CPCC",wind_direction,70.30118833124293,deg,2025-02-23T05:13:10+0000,2025-02-23T10:45:58+0530,Asia/Kolkata,29.046964,138.705006,,,,Chandigarh Pollution Control Committee,CPCB
233415,"Sector 22, Chandigarh - CPCC",pm25,71.73596487937613,µg/m³,2025-02-20T09:02:59+0000,2025-02-20T14:30:42+0530,Asia/Kolkata,43.614872,177.623999,,,,Chandigarh Pollution Control Committee,CPCB
233415,"Sector 22, Chandigarh - CPCC",no2,14.657727667278388,ppb,2025-03-03T17:00:00+0000,2025-03-03T22:30:00+0530,Asia/Kolkata,-44.1074545,-70.046932,,,,Chandigarh Pollution Control Committee,CPCB
233415,"Sector 22, Chandigarh - CPCC",so2,181.07954602447148,ppb,2025-03-02T02:37:03+0000,2025-03-02T08:05:25+0530,Asia/Kolkata,83.608624,-20.563665,,,,Chandigarh Pollution Control Committee,CPCB
233415,"Sector 22, Chandigarh - CPCC",no,0.001830958261591399,ppb,2025-02-28T15:03:54+0000,2025-02-28T20:35:30+0530,Asia/Kolkata,45.279263,-60.493639,,,,Chandigarh Pollution Control Committee,CPCB
233415,"Sector 22, Chandigarh - CPCC",pm10,1.8422198054867867,deg,2025-02-26T22:22:25+0000,2025-02-27T03:54:33+0530,Asia/Kolkata,-34.3938845,117.179094,,,,Chandigarh Pollution Control Committee,CPCB
233415,"Sector 22, Chandigarh - CPCC",pm10,34.2269625678481,µg/m³,2025-02-23T16:35:43+0000,2025-02-23T22:09:15+0530,Asia/Kolkata,-25.2069845,4.019875,,,,Chandigarh Pollution Control Committee,CPCB
233415,"Sector 22, Chandigarh - CPCC",so2,0.8244824815130304,%,2025-03-03T17:00:00+0000,2025-03-03T22:30:00+0530,Asia/Kolkata,6.1349415,55.734171,,,,Chandigarh Pollution Control Committee,CPCB
233415,"Sector 22, Chandigarh - CPCC",pm25,1.8465169913825619,µg/m³,2025-02-23T08:52:20+0000,2025-02-23T14:15:55+0530,Asia/Kolkata,8.206319,98.06165,,,,Chandigarh Pollution Control Committee,CPCB
233415,"Sector 22, Chandigarh - CPCC",so2,22.380567800594992,c,2025-02-27T09:26:29+0000,2025-02-27T14:56:46+0530,Asia/Kolkata,28.2145995,-117.595334,,,,Chandigarh Pollution Control Committee,CPCB
233415,"Sector 22, Chandigarh - CPCC",no2,2.8215228402982526,ppb,2025-02-21T14:26:11+0000,2025-02-21T19:54:52+0530,Asia/Kolkata,-38.6873075,143.247837,,,,Chandigarh Pollution Control Committee,CPCB
233415,"Sector 22, Chandigarh - CPCC",wind_direction,83.85184135240618,c,2025-02-24T11:21:05+0000,2025-02-24T16:53:54+0530,Asia/Kolkata,29.6000455,19.576451,,,,Chandigarh Pollution Control Committee,CPCB
233415,"Sector 22, Chandigarh - CPCC",wind_direction,0.9663363925523585,m/s,2025-02-19T19:36:06+0000,2025-02-20T01:04:31+0530,Asia/Kolkata,-69.1732725,137.089457,,,,Chandigarh Pollution Control Committee,CPCB
233415,"Sector 22, Chandigarh - CPCC",pm25,5.860756516130789,µg/m³,2025-03-01T17:36:14+0000,2025-03-01T23:09:43+0530,Asia/Kolkata,-86.613607,-18.278749,,,,Chandigarh Pollution Control Committee,CPCB
233415,"Sector 22, Chandigarh - CPCC",wind_speed,98.6971617570062,deg,2025-02-23T02:14:37+0000,2025-02-23T07:43:56+0530,Asia/Kolkata,-60.4497155,33.650494,,,,Chandigarh Pollution Control Committee,CPCB
233415,"Sector 22, Chandigarh - CPCC",wind_speed,40.71338594590425,c,2025-02-28T08:46:53+0000,2025-02-28T14:19:11+0530,Asia/Kolkata,-81.3411655,84.417869,,,,Chandigarh Pollution Control Committee,CPCB
233415,"Sector 22, Chandigarh - CPCC",no2,3.000144557369953,%,2025-02-25T16:21:22+0000,2025-02-25T21:48:34+0530,Asia/Kolkata,-3.946036,-134.93874,,,,Chandigarh Pollution Control Committee,CPCB
233415,"Sector 22, Chandigarh - CPCC",wind_direction,95.47907093892626,c,2025-02-24T16:08:41+0000,2025-02-24T21:38:11+0530,Asia/Kolkata,-37.6778365,-6.218021,,,,Chandigarh Pollution Control Committee,CPCB
233415,"Sector 22, Chandigarh - CPCC",no2,0.173387230206101,ppb,2025-02-24T19:51:02+0000,2025-02-25T01:25:10+0530,Asia/Kolkata,-36.658241,-146.733035,,,,Chandigarh Pollution Control Committee,CPCB
233415,"Sector 22, Chandigarh - CPCC",no,3.257643516906302,ppb,2025-02-24T13:31:01+0000,2025-02-24T18:58:18+0530,Asia/Kolkata,-28.692784,120.908104,,,,Chandigarh Pollution Control Committee,CPCB
233415,"Sector 22, Chandigarh - CPCC",pm25,27.95391720130428,µg/m³,2025-03-03T02:33:56+0000,2025-03-03T08:05:35+0530,Asia/Kolkata,65.90668,-89.478478,,,,Chandigarh Pollution Control Committee,CPCB
233415,"Sector 22, Chandigarh - CPCC",no2,118.9789249765862,µg/m³,2025-02-21T00:34:24+0000,2025-02-21T06:00:48+0530,Asia/Kolkata,35.4939075,22.750053,,,,Chandigarh Pollution Control Committee,CPCB
233415,"Sector 22, Chandigarh - CPCC",o3,43.08928209769902,ppb,2025-02-27T22:43:11+0000,2025-02-28T04:11:39+0530,Asia/Kolkata,86.722396,-176.977257,,,,Chandigarh Pollution Control Committee,CPCB
233415,"Sector 22, Chandigarh - CPCC",temperature,6.07957082937654,µg/m³,2025-02-27T12:56:10+0000,2025-02-27T18:19:22+0530,Asia/Kolkata,73.1790395,-34.760909,,,,Chandigarh Pollution Control Committee,CPCB
233415,"Sector 22, Chandigarh - CPCC",co,0.378525805105798,ppb,2025-03-03T01:56:32+0000,2025-03-03T07:24:23+0530,Asia/Kolkata,36.5385275,167.441364,,,,Chandigarh Pollution Control Committee,CPCB
233415,"Sector 22, Chandigarh - CPCC",pm25,50.941211141709275,ppb,2025-02-26T10:13:17+0000,2025-02-26T15:39:38+0530,Asia/Kolkata,43.946939,-0.819646,,,,Chandigarh Pollution Control Committee,CPCB
233415,"Sector 22, Chandigarh - CPCC",wind_direction,133.8268829825276,m/s,2025-03-01T16:11:33+0000,2025-03-01T21:42:12+0530,Asia/Kolkata,48.5958295,-56.540243,,,,Chandigarh Pollution Control Committee,CPCB
233415,"Sector 22, Chandigarh - CPCC",co,20.593916626803775,ppb,2025-02-19T08:57:49+0000,2025-02-19T14:28:18+0530,Asia/Kolkata,-17.821033,-171.994166,,,,Chandigarh Pollution Control Committee,CPCB
233415,"Sector 22, Chandigarh - CPCC",no,0.2866286424681375,ppb,2025-02-19T00:33:13+0000,2025-02-19T06:02:36+0530,Asia/Kolkata,3.70487,114.577374,,,,Chandigarh Pollution Control Committee,CPCB
233415,"Sector 22, Chandigarh - CPCC",wind_speed,60.52245609823912,deg,2025-02-23T00:26:07+0000,2025-02-23T05:57:06+0530,Asia/Kolkata,37.485252,-166.746451,,,,Chandigarh Pollution Control Committee,CPCB
233415,"Sector 22, Chandigarh - CPCC",temperature,128.99534341952113,deg,2025-02-21T04:28:43+0000,2025-02-21T09:59:55+0530,Asia/Kolkata,25.283455,-12.052317,,,,Chandigarh Pollution Control Committee,CPCB
233415,"Sector 22, Chandigarh - CPCC",so2,85.76788901384744,ppb,2025-02-27T21:18:58+0000,2025-02-28T02:47:56+0530,Asia/Kolkata,67.57733,-108.043682,,,,Chandigarh Pollution Control Committee,CPCB
233415,"Sector 22, Chandigarh - CPCC",pm10,118.68111738264507,ppb,2025-02-27T12:14:05+0000,2025-02-27T17:41:52+0530,Asia/Kolkata,-74.3903425,-71.544058,,,,Chandigarh Pollution Control Committee,CPCB
233415,"Sector 22, Chandigarh - CPCC",nox,1.1482615011983204,ppb,2025-02-24T22:27:33+0000,2025-02-25T03:56:11+0530,Asia/Kolkata,79.44741,97.797466,,,,Chandigarh Pollution Control Committee,CPCB
233415,"Sector 22, Chandigarh - CPCC",o3,0.34822108637184285,ppb,2025-02-20T11:05:12+0000,2025-02-20T16:35:43+0530,Asia/Kolkata,43.1039475,58.256666,,,,Chandigarh Pollution Control Committee,CPCB
233415,"Sector 22, Chandigarh - CPCC",co,0.1708509513476092,ppb,2025-03-03T02:07:01+0000,2025-03-03T07:38:07+0530,Asia/Kolkata,28.720399,-26.215789,,,,Chandigarh Pollution Control Committee,CPCB
233415,"Sector 22, Chandigarh - CPCC",pm10,25.922890808021304,ppb,2025-02-25T11:50:31+0000,2025-02-25T17:16:45+0530,Asia/Kolkata,26.9040745,80.638158,,,,Chandigarh Pollution Control Committee,CPCB
233415,"Sector 22, Chandigarh - CPCC",wind_speed,20.91873256910473,%,2025-02-21T10:51:02+0000,2025-02-21T16:15:29+0530,Asia/Kolkata,37.204999,67.974426,,,,Chandigarh Pollution Control Committee,CPCB
233415,"Sector 22, Chandigarh - CPCC",relativehumidity,31.601629237891263,µg/m³,2025-02-26T14:25:56+0000,2025-02-26T19:52:53+0530,Asia/Kolkata,-29.466035,60.929834,,,,Chandigarh Pollution Control Committee,CPCB
233415,"Sector 22, Chandigarh - CPCC",temperature,17.054082045008226,µg/m³,2025-02-28T07:31:57+0000,2025-02-28T13:03:24+0530,Asia/Kolkata,-54.3141935,-149.313561,,,,Chandigarh Pollution Control Committee,CPCB
233415,"Sector 22, Chandigarh - CPCC",no,94.30248039798279,ppb,2025-02-21T10:01:05+0000,2025-02-21T15:29:23+0530,Asia/Kolkata,-88.4731135,19.587328,,,,Chandigarh Pollution Control Committee,CPCB
233415,"Sector 22, Chandigarh - CPCC",wind_direction,0.7552636358273573,deg,2025-02-25T08:30:13+0000,2025-02-25T13:58:25+0530,Asia/Kolkata,-66.1259725,-102.284074,,,,Chandigarh Pollution Control Committee,CPCB
233415,"Sector 22, Chandigarh - CPCC",no2,12.698366069759652,ppb,2025-02-20T18:20:56+0000,2025-02-20T23:49:04+0530,Asia/Kolkata,0.459744,59.705475,,,,Chandigarh Pollution Control Committee,CPCB
233415,"Sector 22, Chandigarh - CPCC",wind_speed,23.868021847937772,µg/m³,2025-02-20T21:57:50+0000,2025-02-21T03:24:35+0530,Asia/Kolkata,-23.07146,-47.874377,,,,Chandigarh Pollution Control Committee,CPCB
233415,"Sector 22, Chandigarh - CPCC",co,33.35499466192086,ppb,2025-02-24T20:15:36+0000,2025-02-25T01:40:42+0530,Asia/Kolkata,2.9605065,-78.634606,,,,Chandigarh Pollution Control Committee,CPCB
233415,"Sector 22, Chandigarh - CPCC",relativehumidity,12.011512463211382,c,2025-02-24T08:36:02+0000,2025-02-24T14:02:11+0530,Asia/Kolkata,-9.1738625,-114.83306,,,,Chandigarh Pollution Control Committee,CPCB
233415,"Sector 22, Chandigarh - CPCC",co,22.01748643020183,ppb,2025-03-03T09:41:20+0000,2025-03-03T15:12:14+0530,Asia/Kolkata,8.3526205,155.648581,,,,Chandigarh Pollution Control Committee,CPCB
233415,"Sector 22, Chandigarh - CPCC",pm10,97.41175099351659,%,2025-02-24T20:32:34+0000,2025-02-25T02:04:34+0530,Asia/Kolkata,-66.7560145,-175.550629,,,,Chandigarh Pollution Control Committee,CPCB
233415,"Sector 22, Chandigarh - CPCC",temperature,35.84102467425923,µg/m³,2025-02-19T19:51:08+0000,2025-02-20T01:19:36+0530,Asia/Kolkata,77.478599,-55.719216,,,,Chandigarh Pollution Control Committee,CPCB
233415,"Sector 22, Chandigarh - CPCC",no,12.593211677573498,ppb,2025-02-28T10:55:34+0000,2025-02-28T16:25:11+0530,Asia/Kolkata,6.4211635,-28.270728,,,,Chandigarh Pollution Control Committee,CPCB
233415,"Sector 22, Chandigarh - CPCC",wind_speed,26.74116932789032,deg,2025-02-22T16:38:02+0000,2025-02-22T22:12:00+0530,Asia/Kolkata,-81.7142435,-68.007043,,,,Chandigarh Pollution Control Committee,CPCB
233415,"Sector 22, Chandigarh - CPCC",nox,15.671510214474184,ppb,2025-02-26T05:35:08+0000,2025-02-26T11:00:14+0530,Asia/Kolkata,17.0894095,-26.776436,,,,Chandigarh Pollution Control Committee,CPCB
233415,"Sector 22, Chandigarh - CPCC",no2,4.710934044422505e-05,ppb,2025-02-28T09:06:57+0000,2025-02-28T14:35:27+0530,Asia/Kolkata,85.5638015,39.661557,,,,Chandigarh Pollution Control Committee,CPCB
233415,"Sector 22, Chandigarh - CPCC",no2,77.77777142412658,ppb,2025-02-19T10:36:55+0000,2025-02-19T16:07:23+0530,Asia/Kolkata,6.231456,55.619486,,,,Chandigarh Pollution Control Committee,CPCB
233415,"Sector 22, Chandigarh - CPCC",so2,16.196884735519667,m/s,2025-02-23T14:57:59+0000,2025-02-23T20:24:43+0530,Asia/Kolkata,30.6145305,134.723748,,,,Chandigarh Pollution Control Committee,CPCB
233415,"Sector 22, Chandigarh - CPCC",nox,3.4304238103570177,ppb,2025-02-21T20:46:43+0000,2025-02-22T02:19:28+0530,Asia/Kolkata,-20.808697,-156.010065,,,,Chandigarh Pollution Control Committee,CPCB
233415,"Sector 22, Chandigarh - CPCC",wind_speed,6.209906017319556,m/s,2025-03-01T13:03:52+0000,2025-03-01T18:34:21+0530,Asia/Kolkata,-27.2691595,62.986912,,,,Chandigarh Pollution Control Committee,CPCB
233415,"Sector 22, Chandigarh - CPCC",no2,70.0808779554503,ppb,2025-03-01T19:26:59+0000,2025-03-02T00:56:01+0530,Asia/Kolkata,-7.4850775,-26.779033,,,,Chandigarh Pollution Control Committee,CPCB
233415,"Sector 22, Chandigarh - CPCC",pm25,0.7755950924929168,%,2025-02-26T22:16:26+0000,2025-02-27T03:49:44+0530,Asia/Kolkata,8.9125855,-54.934873,,,,Chandigarh Pollution Control Committee,CPCB
233415,"Sector 22, Chandigarh - CPCC",pm10,324.2935973703062,µg/m³,2025-03-03T08:50:13+0000,2025-03-03T14:20:46+0530,Asia/Kolkata,89.4574285,60.474729,,,,Chandigarh Pollution Control Committee,CPCB
233415,"Sector 22, Chandigarh - CPCC",so2,0.6824913869875044,deg,2025-02-19T00:56:07+0000,2025-02-19T06:25:41+0530,Asia/Kolkata,84.043381,84.461575,,,,Chandigarh Pollution Control Committee,CPCB
233415,"Sector 22, Chandigarh - CPCC",wind_direction,66.20677481210532,deg,2025-02-22T20:45:41+0000,2025-02-23T02:15:27+0530,Asia/Kolkata,25.5664215,-58.465666,,,,Chandigarh Pollution Control Committee,CPCB
233415,"Sector 22, Chandigarh - CPCC",relativehumidity,2.2219003366772,ppb,2025-03-02T17:54:42+0000,2025-03-02T23:24:36+0530,Asia/Kolkata,-48.727299,-95.335089,,,,Chandigarh Pollution Control Committee,CPCB
233415,"Sector 22, Chandigarh - CPCC",pm10,92.51064479964582,ppb,2025-02-27T23:17:57+0000,2025-02-28T04:45:59+0530,Asia/Kolkata,-30.4203535,-32.869602,,,,Chandigarh Pollution Control Committee,CPCB
233415,"Sector 22, Chandigarh - CPCC",no2,22.419918534974833,ppb,2025-02-22T09:31:27+0000,2025-02-22T15:02:58+0530,Asia/Kolkata,-39.529456,-30.474142,,,,Chandigarh Pollution Control Committee,CPCB
233415,"Sector 22, Chandigarh - CPCC",wind_direction,86.01096099387644,%,2025-02-19T18:52:37+0000,2025-02-20T00:22:05+0530,Asia/Kolkata,21.339799,9.117247,,,,Chandigarh Pollution Control Committee,CPCB
233415,"Sector 22, Chandigarh - CPCC",nox,9.627697188071892,ppb,2025-02-23T01:33:49+0000,2025-02-23T07:00:45+0530,Asia/Kolkata,-46.051907,107.993455,,,,Chandigarh Pollution Control Committee,CPCB
233415,"Sector 22, Chandigarh - CPCC",so2,64.8048887197064,c,2025-02-26T13:10:10+0000,2025-02-26T18:40:19+0530,Asia/Kolkata,7.326516,-4.750585,,,,Chandigarh Pollution Control Committee,CPCB
233415,"Sector 22, Chandigarh - CPCC",co,135.02045325254733,ppb,2025-02-24T00:08:07+0000,2025-02-24T05:37:18+0530,Asia/Kolkata,20.1405315,13.0184,,,,Chandigarh Pollution Control Committee,CPCB
233415,"Sector 22, Chandigarh - CPCC",relativehumidity,53.853239327017036,deg,2025-02-21T00:37:10+0000,2025-02-21T06:04:15+0530,Asia/Kolkata,64.3828725,26.997599,,,,Chandigarh Pollution Control Committee,CPCB
233415,"Sector 22, Chandigarh - CPCC",pm10,48.469286131281926,ppb,2025-03-01T08:11:59+0000,2025-03-01T13:40:14+0530,Asia/Kolkata,11.95011,148.443357,,,,Chandigarh Pollution Control Committee,CPCB
233415,"Sector 22, Chandigarh - CPCC",pm25,2.544706425222399,ppb,2025-03-02T19:48:28+0000,2025-03-03T01:17:27+0530,Asia/Kolkata,-14.8906485,166.662768,,,,Chandigarh Pollution Control Committee,CPCB
233415,"Sector 22, Chandigarh - CPCC",relativehumidity,78.96955792749452,ppb,2025-02-25T06:10:16+0000,2025-02-25T11:36:37+0530,Asia/Kolkata,58.0911445,64.761154,,,,Chandigarh Pollution Control Committee,CPCB
233415,"Sector 22, Chandigarh - CPCC",pm10,110.4291499302144,ppb,2025-03-02T18:19:10+0000,2025-03-02T23:47:19+0530,Asia/Kolkata,-17.614983,-111.751705,,,,Chandigarh Pollution Control Committee,CPCB
233415,"Sector 22, Chandigarh - CPCC",pm10,0.07775753634273158,µg/m³,2025-02-28T03:40:54+0000,2025-02-28T09:12:04+0530,Asia/Kolkata,67.801998,27.419547,,,,Chandigarh Pollution Control Committee,CPCB
233415,"Sector 22, Chandigarh - CPCC",o3,25.46753541204882,µg/m³,2025-02-22T04:02:05+0000,2025-02-22T09:31:00+0530,Asia/Kolkata,36.2909495,-23.130944,,,,Chandigarh Pollution Control Committee,CPCB
233415,"Sector 22, Chandigarh - CPCC",no2,24.387749092074102,ppb,2025-02-23T12:36:25+0000,2025-02-23T18:03:36+0530,Asia/Kolkata,-60.612258,150.889762,,,,Chandigarh Pollution Control Committee,CPCB
233415,"Sector 22, Chandigarh - CPCC",pm10,75.96112112144127,µg/m³,2025-02-22T14:36:32+0000,2025-02-22T20:04:18+0530,Asia/Kolkata,-11.4259025,-50.901382,,,,Chandigarh Pollution Control Committee,CPCB
233415,"Sector 22, Chandigarh - CPCC",pm25,86.7248655376673,µg/m³,2025-02-23T18:58:31+0000,2025-02-24T00:25:59+0530,Asia/Kolkata,-76.111981,117.367902,,,,Chandigarh Pollution Control Committee,CPCB
233415,"Sector 22, Chandigarh - CPCC",pm25,88.75671588926312,µg/m³,2025-03-02T18:10:13+0000,2025-03-02T23:40:26+0530,Asia/Kolkata,20.2945945,-109.123996,,,,Chandigarh Pollution Control Committee,CPCB
233415,"Sector 22, Chandigarh - CPCC",o3,8.800867431681661,ppb,2025-02-19T18:57:18+0000,2025-02-20T00:25:53+0530,Asia/Kolkata,70.343989,44.008341,,,,Chandigarh Pollution Control Committee,CPCB
233415,"Sector 22, Chandigarh - CPCC",wind_direction,0.6034680475512786,deg,2025-03-02T15:52:18+0000,2025-03-02T21:22:02+0530,Asia/Kolkata,44.512198,-43.782849,,,,Chandigarh Pollution Control Committee,CPCB
233415,"Sector 22, Chandigarh - CPCC",o3,16.204104916594982,ppb,2025-02-26T09:46:46+0000,2025-02-26T15:15:53+0530,Asia/Kolkata,42.962246,-138.099801,,,,Chandigarh Pollution Control Committee,CPCB
233415,"Sector 22, Chandigarh - CPCC",co,39.50960173868343,ppb,2025-03-01T12:01:28+0000,2025-03-01T17:31:40+0530,Asia/Kolkata,41.72523,51.977899,,,,Chandigarh Pollution Control Committee,CPCB
233415,"Sector 22, Chandigarh - CPCC",wind_direction,20.3790918953759,µg/m³,2025-02-25T23:33:12+0000,2025-02-26T04:59:33+0530,Asia/Kolkata,42.3607295,-14.478475,,,,Chandigarh Pollution Control Committee,CPCB
233415,"Sector 22, Chandigarh - CPCC",no2,0.28365911383353964,ppb,2025-02-28T16:11:58+0000,2025-02-28T21:42:50+0530,Asia/Kolkata,3.504453,-94.7914,,,,Chandigarh Pollution Control Committee,CPCB
233415,"Sector 22, Chandigarh - CPCC",nox,9.197243842248023,µg/m³,2025-03-03T17:00:00+0000,2025-03-03T22:30:00+0530,Asia/Kolkata,-49.7458105,93.310544,,,,Chandigarh Pollution Control Committee,CPCB
233415,"Sector 22, Chandigarh - CPCC",so2,41.68247122761065,c,2025-02-20T15:52:52+0000,2025-02-20T21:21:19+0530,Asia/Kolkata,72.916944,-100.797402,,,,Chandigarh Pollution Control Committee,CPCB
233415,"Sector 22, Chandigarh - CPCC",temperature,13.095068278227357,%,2025-02-24T04:38:27+0000,2025-02-24T10:08:51+0530,Asia/Kolkata,16.8692165,84.176576,,,,Chandigarh Pollution Control Committee,CPCB
233415,"Sector 22, Chandigarh - CPCC",so2,24.901528052603677,m/s,2025-02-27T11:13:35+0000,2025-02-27T16:41:24+0530,Asia/Kolkata,3.952665,27.494596,,,,Chandigarh Pollution Control Committee,CPCB
233415,"Sector 22, Chandigarh - CPCC",no,3.3603832082285576,ppb,2025-03-02T16:16:27+0000,2025-03-02T21:45:12+0530,Asia/Kolkata,86.1301045,138.140331,,,,Chandigarh Pollution Control Committee,CPCB
233415,"Sector 22, Chandigarh - CPCC",relativehumidity,207.01838339402724,µg/m³,2025-02-20T13:16:46+0000,2025-02-20T18:44:49+0530,Asia/Kolkata,-79.916738,-163.12419,,,,Chandigarh Pollution Control Committee,CPCB
233415,"Sector 22, Chandigarh - CPCC",no,0.9294150712930828,ppb,2025-02-28T17:45:23+0000,2025-02-28T23:14:51+0530,Asia/Kolkata,-56.1271285,-27.701313,,,,Chandigarh Pollution Control Committee,CPCB
233415,"Sector 22, Chandigarh - CPCC",pm25,0.9771189881460498,µg/m³,2025-02-24T06:02:23+0000,2025-02-24T11:34:05+0530,Asia/Kolkata,-30.8645535,108.645051,,,,Chandigarh Pollution Control Committee,CPCB
233415,"Sector 22, Chandigarh - CPCC",no,11.304306655770842,ppb,2025-02-22T04:27:31+0000,2025-02-22T09:53:35+0530,Asia/Kolkata,78.9632855,-89.22555,,,,Chandigarh Pollution Control Committee,CPCB
233415,"Sector 22, Chandigarh - CPCC",relativehumidity,32.39574984356013,ppb,2025-03-02T19:29:42+0000,2025-03-03T00:58:48+0530,Asia/Kolkata,-43.051127,-116.196114,,,,Chandigarh Pollution Control Committee,CPCB
233415,"Sector 22, Chandigarh - CPCC",co,2.7317941651550766,ppb,2025-02-20T18:56:32+0000,2025-02-21T00:26:22+0530,Asia/Kolkata,-47.4266085,-37.092225,,,,Chandigarh Pollution Control Committee,CPCB
233415,"Sector 22, Chandigarh - CPCC",temperature,157.00521442446586,µg/m³,2025-02-23T06:24:53+0000,2025-02-23T11:54:59+0530,Asia/Kolkata,-46.4510625,-99.527259,,,,Chandigarh Pollution Control Committee,CPCB
233415,"Sector 22, Chandigarh - CPCC",temperature,75.72192590362592,%,2025-02-23T20:13:32+0000,2025-02-24T01:45:00+0530,Asia/Kolkata,-70.616794,-136.422023,,,,Chandigarh Pollution Control Committee,CPCB
233415,"Sector 22, Chandigarh - CPCC",o3,51.755131836486974,c,2025-03-02T00:41:09+0000,2025-03-02T06:10:40+0530,Asia/Kolkata,5.832761,-91.201114,,,,Chandigarh Pollution Control Committee,CPCB
233415,"Sector 22, Chandigarh - CPCC",relativehumidity,366.6996850935418,µg/m³,2025-02-19T08:39:19+0000,2025-02-19T14:08:26+0530,Asia/Kolkata,-77.069208,-86.369453,,,,Chandigarh Pollution Control Committee,CPCB
233415,"Sector 22, Chandigarh - CPCC",pm25,84.82349857740027,ppb,2025-02-23T14:00:07+0000,2025-02-23T19:30:55+0530,Asia/Kolkata,86.522472,110.004832,,,,Chandigarh Pollution Control Committee,CPCB
233415,"Sector 22, Chandigarh - CPCC",so2,39.61806374290071,µg/m³,2025-02-25T14:14:01+0000,2025-02-25T19:41:47+0530,Asia/Kolkata,2.191172,131.846754,,,,Chandigarh Pollution Control Committee,CPCB
233415,"Sector 22, Chandigarh - CPCC",pm25,7.66008588106911,%,2025-02-24T17:20:53+0000,2025-02-24T22:51:40+0530,Asia/Kolkata,53.3858045,92.049105,,,,Chandigarh Pollution Control Committee,CPCB
233415,"Sector 22, Chandigarh - CPCC",co,37.972270602059474,ppb,2025-03-01T02:27:39+0000,2025-03-01T07:55:11+0530,Asia/Kolkata,-57.785061,-87.035615,,,,Chandigarh Pollution Control Committee,CPCB
233415,"Sector 22, Chandigarh - CPCC",o3,0.2139838036712892,ppb,2025-02-27T14:09:00+0000,2025-02-27T19:37:11+0530,Asia/Kolkata,17.624957,-173.438635,,,,Chandigarh Pollution Control Committee,CPCB
233415,"Sector 22, Chandigarh - CPCC",no,40.55389339941034,ppb,2025-02-21T06:53:47+0000,2025-02-21T12:22:30+0530,Asia/Kolkata,51.3961665,-91.958953,,,,Chandigarh Pollution Control Committee,CPCB
233415,"Sector 22, Chandigarh - CPCC",pm10,24.39725420623543,µg/m³,2025-03-01T13:18:55+0000,2025-03-01T18:50:03+0530,Asia/Kolkata,-34.1171815,72.602929,,,,Chandigarh Pollution Control Committee,CPCB
233415,"Sector 22, Chandigarh - CPCC",wind_speed,2.2955996162048633,m/s,2025-02-26T18:22:14+0000,2025-02-26T23:55:35+0530,Asia/Kolkata,60.863388,-117.888203,,,,Chandigarh Pollution Control Committee,CPCB
233415,"Sector 22, Chandigarh - CPCC",pm10,0.18261568098018113,ppb,2025-02-24T06:30:50+0000,2025-02-24T11:57:56+0530,Asia/Kolkata,67.235698,68.913543,,,,Chandigarh Pollution Control Committee,CPCB
233415,"Sector 22, Chandigarh - CPCC",o3,17.66013641065199,ppb,2025-02-22T02:43:45+0000,2025-02-22T08:12:31+0530,Asia/Kolkata,-54.219692,174.444764,,,,Chandigarh Pollution Control Committee,CPCB
233415,"Sector 22, Chandigarh - CPCC",wind_speed,107.00521786409138,deg,2025-03-02T01:39:20+0000,2025-03-02T07:05:46+0530,Asia/Kolkata,-18.6757885,141.99695,,,,Chandigarh Pollution Control Committee,CPCB
233415,"Sector 22, Chandigarh - CPCC",no2,106.51516035635257,ppb,2025-02-23T14:50:34+0000,2025-02-23T20:16:26+0530,Asia/Kolkata,51.9623755,35.462266,,,,Chandigarh Pollution Control Committee,CPCB
233415,"Sector 22, Chandigarh - CPCC",wind_direction,402.5474539236066,%,2025-02-20T14:29:59+0000,2025-02-20T19:59:52+0530,Asia/Kolkata,84.0444675,-153.288915,,,,Chandigarh Pollution Control Committee,CPCB
233415,"Sector 22, Chandigarh - CPCC",no2,0.18637162053550232,ppb,2025-03-03T08:58:34+0000,2025-03-03T14:26:48+0530,Asia/Kolkata,78.218598,-71.878,,,,Chandigarh Pollution Control Committee,CPCB
233415,"Sector 22, Chandigarh - CPCC",wind_direction,59.07497500553936,deg,2025-02-28T15:53:20+0000,2025-02-28T21:22:18+0530,Asia/Kolkata,51.0005665,171.704393,,,,Chandigarh Pollution Control Committee,CPCB
233415,"Sector 22, Chandigarh - CPCC",co,0.3989982277129289,ppb,2025-03-01T01:44:34+0000,2025-03-01T07:14:49+0530,Asia/Kolkata,-62.773765,-132.730837,,,,Chandigarh Pollution Control Committee,CPCB
233415,"Sector 22, Chandigarh - CPCC",o3,0.193246842216039,µg/m³,2025-02-22T16:02:47+0000,2025-02-22T21:27:46+0530,Asia/Kolkata,0.3726825,87.861701,,,,Chandigarh Pollution Control Committee,CPCB
233415,"Sector 22, Chandigarh - CPCC",no2,70.28501285025946,µg/m³,2025-03-03T01:07:23+0000,2025-03-03T06:38:39+0530,Asia/Kolkata,-82.626962,55.056879,,,,Chandigarh Pollution Control Committee,CPCB
233415,"Sector 22, Chandigarh - CPCC",wind_speed,4.616640896048922,m/s,2025-02-20T08:09:26+0000,2025-02-20T13:37:04+0530,Asia/Kolkata,-1.8852395,-47.282134,,,,Chandigarh Pollution Control Committee,CPCB
233415,"Sector 22, Chandigarh - CPCC",temperature,0.5518475448178151,deg,2025-02-20T15:51:07+0000,2025-02-20T21:20:05+0530,Asia/Kolkata,50.624344,-80.072768,,,,Chandigarh Pollution Control Committee,CPCB
233415,"Sector 22, Chandigarh - CPCC",relativehumidity,8.418500781055856,%,2025-03-03T08:52:32+0000,2025-03-03T14:22:20+0530,Asia/Kolkata,-50.4378665,-2.95316,,,,Chandigarh Pollution Control Committee,CPCB
233415,"Sector 22, Chandigarh - CPCC",so2,18.04352873920541,µg/m³,2025-02-22T10:43:36+0000,2025-02-22T16:11:40+0530,Asia/Kolkata,-32.301138,71.156452,,,,Chandigarh Pollution Control Committee,CPCB
233415,"Sector 22, Chandigarh - CPCC",no,24.97679920182816,ppb,2025-02-27T07:16:48+0000,2025-02-27T12:52:24+0530,Asia/Kolkata,-20.644187,10.326704,,,,Chandigarh Pollution Control Committee,CPCB
233415,"Sector 22, Chandigarh - CPCC",relativehumidity,29.60947934568392,%,2025-02-26T01:34:37+0000,2025-02-26T06:59:51+0530,Asia/Kolkata,-22.467597,-52.864487,,,,Chandigarh Pollution Control Committee,CPCB
233415,"Sector 22, Chandigarh - CPCC",nox,12.493753278393623,%,2025-02-21T10:29:10+0000,2025-02-21T15:58:55+0530,Asia/Kolkata,-26.096797,81.290798,,,,Chandigarh Pollution Control Committee,CPCB
233415,"Sector 22, Chandigarh - CPCC",temperature,439.3156042624013,m/s,2025-02-19T11:23:36+0000,2025-02-19T16:53:52+0530,Asia/Kolkata,40.012886,28.482949,,,,Chandigarh Pollution Control Committee,CPCB
233415,"Sector 22, Chandigarh - CPCC",nox,0.0031469526403589145,ppb,2025-02-19T01:11:31+0000,2025-02-19T06:41:56+0530,Asia/Kolkata,36.0528955,-63.364948,,,,Chandigarh Pollution Control Committee,CPCB
233415,"Sector 22, Chandigarh - CPCC",no2,11.045894817257823,ppb,2025-02-23T04:42:12+0000,2025-02-23T10:17:22+0530,Asia/Kolkata,34.6526625,-133.962873,,,,Chandigarh Pollution Control Committee,CPCB
233415,"Sector 22, Chandigarh - CPCC",wind_speed,48.44473076255224,µg/m³,2025-02-25T22:58:11+0000,2025-02-26T04:25:31+0530,Asia/Kolkata,-62.015868,-120.131504,,,,Chandigarh Pollution Control Committee,CPCB
233415,"Sector 22, Chandigarh - CPCC",nox,23.711495924227673,µg/m³,2025-02-25T12:35:10+0000,2025-02-25T18:06:42+0530,Asia/Kolkata,0.4307525,54.614356,,,,Chandigarh Pollution Control Committee,CPCB
233415,"Sector 22, Chandigarh - CPCC",nox,5.470116960537618,µg/m³,2025-02-25T12:11:56+0000,2025-02-25T17:48:39+0530,Asia/Kolkata,4.465618,57.051062,,,,Chandigarh Pollution Control Committee,CPCB
233415,"Sector 22, Chandigarh - CPCC",temperature,10.600492164711339,m/s,2025-03-03T17:00:00+0000,2025-03-03T22:30:00+0530,Asia/Kolkata,68.388381,14.997779,,,,Chandigarh Pollution Control Committee,CPCB
233415,"Sector 22, Chandigarh - CPCC",pm10,2.3474705456751463,ppb,2025-03-03T17:00:00+0000,2025-03-03T22:30:00+0530,Asia/Kolkata,-83.473116,124.518197,,,,Chandigarh Pollution Control Committee,CPCB
233415,"Sector 22, Chandigarh - CPCC",o3,4.939150424567486,c,2025-03-03T13:13:32+0000,2025-03-03T18:43:33+0530,Asia/Kolkata,-24.9207805,129.862936,,,,Chandigarh Pollution Control Committee,CPCB
233415,"Sector 22, Chandigarh - CPCC",wind_speed,61.86113932060637,m/s,2025-02-28T20:17:54+0000,2025-03-01T01:49:12+0530,Asia/Kolkata,73.149977,-175.791731,,,,Chandigarh Pollution Control Committee,CPCB
233415,"Sector 22, Chandigarh - CPCC",o3,2.6178820540561565e-05,ppb,2025-02-26T10:33:22+0000,2025-02-26T15:56:37+0530,Asia/Kolkata,1.7955795,-22.62307,,,,Chandigarh Pollution Control Committee,CPCB
233415,"Sector 22, Chandigarh - CPCC",no2,31.70429824977211,ppb,2025-02-20T08:03:01+0000,2025-02-20T13:35:58+0530,Asia/Kolkata,-55.090387,156.635363,,,,Chandigarh Pollution Control Committee,CPCB
233415,"Sector 22, Chandigarh - CPCC",so2,201.53722470751256,µg/m³,2025-02-25T09:32:51+0000,2025-02-25T15:06:08+0530,Asia/Kolkata,-55.4038835,158.767169,,,,Chandigarh Pollution Control Committee,CPCB
233415,"Sector 22, Chandigarh - CPCC",wind_speed,266.9006088917367,c,2025-02-25T19:03:30+0000,2025-02-26T00:33:09+0530,Asia/Kolkata,-40.870346,157.064049,,,,Chandigarh Pollution Control Committee,CPCB
233415,"Sector 22, Chandigarh - CPCC",o3,59.632411115249695,µg/m³,2025-02-25T20:27:14+0000,2025-02-26T01:58:31+0530,Asia/Kolkata,-26.986003,69.602994,,,,Chandigarh Pollution Control Committee,CPCB
233415,"Sector 22, Chandigarh - CPCC",wind_speed,0.255290467912356,%,2025-02-20T20:31:48+0000,2025-02-21T01:59:49+0530,Asia/Kolkata,-57.5190795,145.768895,,,,Chandigarh Pollution Control Committee,CPCB
233415,"Sector 22, Chandigarh - CPCC",no2,31.17217467234372,ppb,2025-02-19T17:46:40+0000,2025-02-19T23:15:51+0530,Asia/Kolkata,63.4458545,-37.708243,,,,Chandigarh Pollution Control Committee,CPCB
233415,"Sector 22, Chandigarh - CPCC",relativehumidity,94.64840957537186,µg/m³,2025-02-22T08:29:59+0000,2025-02-22T14:00:13+0530,Asia/Kolkata,-61.0421585,-102.784504,,,,Chandigarh Pollution Control Committee,CPCB
233415,"Sector 22, Chandigarh - CPCC",wind_speed,62.503950411277884,m/s,2025-03-03T02:25:04+0000,2025-03-03T07:53:24+0530,Asia/Kolkata,-2.808717,73.908183,,,,Chandigarh Pollution Control Committee,CPCB
233415,"Sector 22, Chandigarh - CPCC",pm10,0.03847977435438429,ppb,2025-02-22T12:10:29+0000,2025-02-22T17:38:02+0530,Asia/Kolkata,16.377938,-123.236016,,,,Chandigarh Pollution Control Committee,CPCB
233415,"Sector 22, Chandigarh - CPCC",temperature,7.385485346762835,%,2025-02-22T13:49:27+0000,2025-02-22T19:25:58+0530,Asia/Kolkata,-63.01001,-51.406199,,,,Chandigarh Pollution Control Committee,CPCB
233415,"Sector 22, Chandigarh - CPCC",relativehumidity,61.89122620545886,%,2025-02-22T17:55:23+0000,2025-02-22T23:25:17+0530,Asia/Kolkata,23.8577865,45.482057,,,,Chandigarh Pollution Control Committee,CPCB
233415,"Sector 22, Chandigarh - CPCC",pm25,75.94857938947865,c,2025-02-26T23:02:40+0000,2025-02-27T04:33:12+0530,Asia/Kolkata,66.6735255,-91.564306,,,,Chandigarh Pollution Control Committee,CPCB
233415,"Sector 22, Chandigarh - CPCC",wind_speed,32.91081295192015,µg/m³,2025-03-01T16:51:11+0000,2025-03-01T22:18:25+0530,Asia/Kolkata,71.3426705,-129.600194,,,,Chandigarh Pollution Control Committee,CPCB
233415,"Sector 22, Chandigarh - CPCC",pm10,6.916782938821223,ppb,2025-02-28T04:20:44+0000,2025-02-28T09:51:33+0530,Asia/Kolkata,-73.6351345,-107.005884,,,,Chandigarh Pollution Control Committee,CPCB
233415,"Sector 22, Chandigarh - CPCC",relativehumidity,81.64508278282669,%,2025-03-03T10:51:48+0000,2025-03-03T16:21:39+0530,Asia/Kolkata,-81.1641215,11.713547,,,,Chandigarh Pollution Control Committee,CPCB
233415,"Sector 22, Chandigarh - CPCC",nox,15.462151918189548,µg/m³,2025-03-01T05:36:36+0000,2025-03-01T11:05:24+0530,Asia/Kolkata,-9.8931095,2.9926,,,,Chandigarh Pollution Control Committee,CPCB
233415,"Sector 22, Chandigarh - CPCC",no2,2.374665893478639,ppb,2025-02-24T23:02:07+0000,2025-02-25T04:42:05+0530,Asia/Kolkata,-84.72864,-66.363846,,,,Chandigarh Pollution Control Committee,CPCB
233415,"Sector 22, Chandigarh - CPCC",so2,13.058352030603547,µg/m³,2025-02-21T01:34:22+0000,2025-02-21T07:09:05+0530,Asia/Kolkata,39.637864,-27.39298,,,,Chandigarh Pollution Control Committee,CPCB
233415,"Sector 22, Chandigarh - CPCC",no,3.9944228953143455,ppb,2025-03-03T15:08:22+0000,2025-03-03T20:38:43+0530,Asia/Kolkata,-4.035166,-167.047894,,,,Chandigarh Pollution Control Committee,CPCB
233415,"Sector 22, Chandigarh - CPCC",temperature,11.413724204524305,m/s,2025-02-25T13:32:35+0000,2025-02-25T19:04:40+0530,Asia/Kolkata,63.7185315,20.749881,,,,Chandigarh Pollution Control Committee,CPCB
233415,"Sector 22, Chandigarh - CPCC",no,15.853136875307147,ppb,2025-02-21T20:23:13+0000,2025-02-22T01:48:43+0530,Asia/Kolkata,49.6013275,132.344707,,,,Chandigarh Pollution Control Committee,CPCB
233415,"Sector 22, Chandigarh - CPCC",pm10,24.06893332197964,ppb,2025-02-22T20:41:46+0000,2025-02-23T02:10:57+0530,Asia/Kolkata,32.6973295,79.267787,,,,Chandigarh Pollution Control Committee,CPCB
233415,"Sector 22, Chandigarh - CPCC",pm25,12.357549113874438,ppb,2025-02-25T05:19:12+0000,2025-02-25T10:49:34+0530,Asia/Kolkata,-67.195136,-4.181028,,,,Chandigarh Pollution Control Committee,CPCB
233415,"Sector 22, Chandigarh - CPCC",o3,8.857902672395257,c,2025-02-22T15:50:32+0000,2025-02-22T21:20:28+0530,Asia/Kolkata,-56.574732,-92.597839,,,,Chandigarh Pollution Control Committee,CPCB
233415,"Sector 22, Chandigarh - CPCC",o3,30.164514867380614,ppb,2025-03-03T05:52:04+0000,2025-03-03T11:22:57+0530,Asia/Kolkata,-70.168382,-17.075979,,,,Chandigarh Pollution Control Committee,CPCB
233415,"Sector 22, Chandigarh - CPCC",wind_direction,13.2421565156203,%,2025-02-26T12:21:04+0000,2025-02-26T17:52:54+0530,Asia/Kolkata,55.7581875,-70.739422,,,,Chandigarh Pollution Control Committee,CPCB
233415,"Sector 22, Chandigarh - CPCC",no,0.10133671530430265,ppb,2025-02-18T20:40:59+0000,2025-02-19T02:11:00+0530,Asia/Kolkata,17.469626,-146.794241,,,,Chandigarh Pollution Control Committee,CPCB
233415,"Sector 22, Chandigarh - CPCC",nox,0.018316211649079386,ppb,2025-02-24T07:02:45+0000,2025-02-24T12:37:31+0530,Asia/Kolkata,54.0291445,23.379088,,,,Chandigarh Pollution Control Committee,CPCB
233415,"Sector 22, Chandigarh - CPCC",temperature,0.031047614024334293,c,2025-02-20T06:48:49+0000,2025-02-20T12:20:07+0530,Asia/Kolkata,-12.22626,-176.638383,,,,Chandigarh Pollution Control Committee,CPCB
233415,"Sector 22, Chandigarh - CPCC",wind_speed,59.09540282618958,%,2025-02-21T15:43:06+0000,2025-02-21T21:15:19+0530,Asia/Kolkata,-13.1300325,123.113085,,,,Chandigarh Pollution Control Committee,CPCB
233415,"Sector 22, Chandigarh - CPCC",wind_direction,192.168123735885,m/s,2025-02-27T06:40:29+0000,2025-02-27T12:10:40+0530,Asia/Kolkata,-18.761188,-36.448427,,,,Chandigarh Pollution Control Committee,CPCB
233415,"Sector 22, Chandigarh - CPCC",wind_direction,247.1009354786268,c,2025-02-20T14:21:04+0000,2025-02-20T19:49:33+0530,Asia/Kolkata,16.4137935,-168.306417,,,,Chandigarh Pollution Control Committee,CPCB
233415,"Sector 22, Chandigarh - CPCC",wind_direction,90.83953301316646,m/s,2025-02-18T21:58:40+0000,2025-02-19T03:28:52+0530,Asia/Kolkata,14.6252605,-100.156131,,,,Chandigarh Pollution Control Committee,CPCB
233415,"Sector 22, Chandigarh - CPCC",temperature,9.023553384015544,m/s,2025-03-01T16:52:15+0000,2025-03-01T22:21:15+0530,Asia/Kolkata,-42.6353485,125.572942,,,,Chandigarh Pollution Control Committee,CPCB
233415,"Sector 22, Chandigarh - CPCC",nox,99.29859754153448,ppb,2025-02-25T00:37:52+0000,2025-02-25T06:08:46+0530,Asia/Kolkata,55.5396125,46.45172,,,,Chandigarh Pollution Control Committee,CPCB
233415,"Sector 22, Chandigarh - CPCC",wind_speed,0.6976291954728062,%,2025-02-21T12:13:16+0000,2025-02-21T17:43:19+0530,Asia/Kolkata,-25.042292,-94.129342,,,,Chandigarh Pollution Control Committee,CPCB
233415,"Sector 22, Chandigarh - CPCC",relativehumidity,141.57562407424598,µg/m³,2025-02-23T13:01:43+0000,2025-02-23T18:34:30+0530,Asia/Kolkata,39.7606075,-58.876591,,,,Chandigarh Pollution Control Committee,CPCB
233415,"Sector 22, Chandigarh - CPCC",temperature,40.23722517523465,m/s,2025-02-25T01:43:50+0000,2025-02-25T07:08:55+0530,Asia/Kolkata,34.796193,-99.540752,,,,Chandigarh Pollution Control Committee,CPCB
233415,"Sector 22, Chandigarh - CPCC",no,39.70007542018253,ppb,2025-02-28T12:33:56+0000,2025-02-28T18:07:19+0530,Asia/Kolkata,56.784501,-148.938006,,,,Chandigarh Pollution Control Committee,CPCB
233415,"Sector 22, Chandigarh - CPCC",relativehumidity,0.03867063049667032,deg,2025-02-24T20:30:37+0000,2025-02-25T01:53:13+0530,Asia/Kolkata,85.200748,58.420346,,,,Chandigarh Pollution Control Committee,CPCB
233415,"Sector 22, Chandigarh - CPCC",temperature,222.3142671258037,c,2025-02-23T14:22:46+0000,2025-02-23T19:53:45+0530,Asia/Kolkata,-41.2749925,-132.541353,,,,Chandigarh Pollution Control Committee,CPCB
233415,"Sector 22, Chandigarh - CPCC",co,0.042691932155932415,ppb,2025-02-28T04:14:13+0000,2025-02-28T09:44:25+0530,Asia/Kolkata,-61.5783055,78.807539,,,,Chandigarh Pollution Control Committee,CPCB
233415,"Sector 22, Chandigarh - CPCC",so2,68.12050955223754,deg,2025-02-19T13:40:48+0000,2025-02-19T19:11:32+0530,Asia/Kolkata,-65.017253,-158.499468,,,,Chandigarh Pollution Control Committee,CPCB
233415,"Sector 22, Chandigarh - CPCC",temperature,107.24863941816139,µg/m³,2025-02-27T19:19:37+0000,2025-02-28T00:53:05+0530,Asia/Kolkata,-53.08668,-150.672268,,,,Chandigarh Pollution Control Committee,CPCB
233415,"Sector 22, Chandigarh - CPCC",pm25,52.6287342946632,µg/m³,2025-02-20T21:49:05+0000,2025-02-21T03:21:39+0530,Asia/Kolkata,-89.381378,-46.691506,,,,Chandigarh Pollution Control Committee,CPCB
233415,"Sector 22, Chandigarh - CPCC",temperature,0.48097721353021733,deg,2025-03-01T09:52:56+0000,2025-03-01T15:22:14+0530,Asia/Kolkata,-2.6408365,-27.680715,,,,Chandigarh Pollution Control Committee,CPCB
233415,"Sector 22, Chandigarh - CPCC",o3,12.645903583735178,ppb,2025-02-28T23:43:51+0000,2025-03-01T05:11:06+0530,Asia/Kolkata,-89.931221,11.907723,,,,Chandigarh Pollution Control Committee,CPCB
233415,"Sector 22, Chandigarh - CPCC",o3,4.527241580456723,µg/m³,2025-03-02T15:54:51+0000,2025-03-02T21:24:19+0530,Asia/Kolkata,-85.175747,-70.531118,,,,Chandigarh Pollution Control Committee,CPCB
233415,"Sector 22, Chandigarh - CPCC",pm10,2.376256051587208,deg,2025-02-20T02:15:12+0000,2025-02-20T07:44:27+0530,Asia/Kolkata,84.9837975,-136.799794,,,,Chandigarh Pollution Control Committee,CPCB
233415,"Sector 22, Chandigarh - CPCC",o3,42.22156665046754,ppb,2025-03-03T02:10:18+0000,2025-03-03T07:40:40+0530,Asia/Kolkata,2.703736,-90.137159,,,,Chandigarh Pollution Control Committee,CPCB
233415,"Sector 22, Chandigarh - CPCC",no,4.304763235681426,ppb,2025-02-23T00:37:05+0000,2025-02-23T05:59:45+0530,Asia/Kolkata,36.000764,-97.505915,,,,Chandigarh Pollution Control Committee,CPCB
233415,"Sector 22, Chandigarh - CPCC",pm10,38.69869892974105,%,2025-02-22T19:50:41+0000,2025-02-23T01:19:03+0530,Asia/Kolkata,-51.712584,18.756132,,,,Chandigarh Pollution Control Committee,CPCB
233415,"Sector 22, Chandigarh - CPCC",wind_direction,28.007830624657775,m/s,2025-02-25T18:21:11+0000,2025-02-25T23:51:21+0530,Asia/Kolkata,-34.52054,92.613965,,,,Chandigarh Pollution Control Committee,CPCB
233415,"Sector 22, Chandigarh - CPCC",no,33.66530245291633,ppb,2025-02-22T20:07:58+0000,2025-02-23T01:37:47+0530,Asia/Kolkata,-11.500602,-167.340652,,,,Chandigarh Pollution Control Committee,CPCB
233415,"Sector 22, Chandigarh - CPCC",nox,0.34988799679805993,ppb,2025-02-23T21:23:52+0000,2025-02-24T02:46:26+0530,Asia/Kolkata,17.002431,146.894087,,,,Chandigarh Pollution Control Committee,CPCB
233415,"Sector 22, Chandigarh - CPCC",wind_direction,11.113270565252895,%,2025-02-24T17:27:13+0000,2025-02-24T22:56:58+0530,Asia/Kolkata,8.311373,-146.492977,,,,Chandigarh Pollution Control Committee,CPCB
233415,"Sector 22, Chandigarh - CPCC",temperature,4.543071323732276,c,2025-03-03T09:47:21+0000,2025-03-03T15:17:24+0530,Asia/Kolkata,-35.9817505,44.254526,,,,Chandigarh Pollution Control Committee,CPCB
233415,"Sector 22, Chandigarh - CPCC",pm10,1.8125267527739193,ppb,2025-02-21T03:16:12+0000,2025-02-21T08:47:05+0530,Asia/Kolkata,-86.475685,-167.74935,,,,Chandigarh Pollution Control Committee,CPCB
233415,"Sector 22, Chandigarh - CPCC",temperature,17.639034450735057,%,2025-02-26T15:38:58+0000,2025-02-26T21:09:00+0530,Asia/Kolkata,-54.7732475,-140.009145,,,,Chandigarh Pollution Control Committee,CPCB
233415,"Sector 22, Chandigarh - CPCC",wind_speed,84.55911651572006,m/s,2025-02-19T15:58:05+0000,2025-02-19T21:28:01+0530,Asia/Kolkata,-83.340736,-52.564,,,,Chandigarh Pollution Control Committee,CPCB
233415,"Sector 22, Chandigarh - CPCC",no,0.8201144918506305,ppb,2025-02-27T13:16:13+0000,2025-02-27T18:47:15+0530,Asia/Kolkata,54.736468,171.649621,,,,Chandigarh Pollution Control Committee,CPCB
233415,"Sector 22, Chandigarh - CPCC",nox,21.55241839320626,ppb,2025-02-24T07:23:26+0000,2025-02-24T12:47:52+0530,Asia/Kolkata,89.32152,55.127434,,,,Chandigarh Pollution Control Committee,CPCB
233415,"Sector 22, Chandigarh - CPCC",temperature,47.789651025505236,m/s,2025-02-19T04:07:54+0000,2025-02-19T09:38:29+0530,Asia/Kolkata,2.1339195,132.750154,,,,Chandigarh Pollution Control Committee,CPCB
233415,"Sector 22, Chandigarh - CPCC",pm25,0.19510867795681527,µg/m³,2025-02-22T22:11:46+0000,2025-02-23T03:41:30+0530,Asia/Kolkata,31.1858825,51.631051,,,,Chandigarh Pollution Control Committee,CPCB
233415,"Sector 22, Chandigarh - CPCC",relativehumidity,48.25685374268749,µg/m³,2025-02-20T20:28:23+0000,2025-02-21T01:53:38+0530,Asia/Kolkata,26.5820735,-77.614682,,,,Chandigarh Pollution Control Committee,CPCB
233415,"Sector 22, Chandigarh - CPCC",co,16.311228160717995,ppb,2025-02-21T17:18:09+0000,2025-02-21T22:49:46+0530,Asia/Kolkata,86.045013,100.316052,,,,Chandigarh Pollution Control Committee,CPCB
233415,"Sector 22, Chandigarh - CPCC",co,10.178864623143436,ppb,2025-02-19T20:06:38+0000,2025-02-20T01:37:50+0530,Asia/Kolkata,-70.606953,-27.589098,,,,Chandigarh Pollution Control Committee,CPCB
233415,"Sector 22, Chandigarh - CPCC",so2,225.80958553044593,c,2025-02-27T13:49:53+0000,2025-02-27T19:24:34+0530,Asia/Kolkata,44.182889,-82.208755,,,,Chandigarh Pollution Control Committee,CPCB
233415,"Sector 22, Chandigarh - CPCC",co,43.51708869493681,ppb,2025-02-20T09:29:47+0000,2025-02-20T15:03:35+0530,Asia/Kolkata,88.9700425,88.23558,,,,Chandigarh Pollution Control Committee,CPCB
233415,"Sector 22, Chandigarh - CPCC",o3,0.09767041254416231,ppb,2025-02-24T11:38:44+0000,2025-02-24T17:02:55+0530,Asia/Kolkata,75.3863835,118.725905,,,,Chandigarh Pollution Control Committee,CPCB
233415,"Sector 22, Chandigarh - CPCC",no2,1.4154427358873996,ppb,2025-02-22T04:27:24+0000,2025-02-22T09:54:34+0530,Asia/Kolkata,45.510528,-40.233709,,,,Chandigarh Pollution Control Committee,CPCB
233415,"Sector 22, Chandigarh - CPCC",co,68.71525021549697,ppb,2025-03-03T11:55:45+0000,2025-03-03T17:24:51+0530,Asia/Kolkata,-78.8072685,103.299965,,,,Chandigarh Pollution Control Committee,CPCB
233415,"Sector 22, Chandigarh - CPCC",o3,1.168580007123668,ppb,2025-02-25T10:04:55+0000,2025-02-25T15:37:55+0530,Asia/Kolkata,23.179675,29.825658,,,,Chandigarh Pollution Control Committee,CPCB
233415,"Sector 22, Chandigarh - CPCC",o3,371.50774838884837,ppb,2025-02-25T07:05:03+0000,2025-02-25T12:36:22+0530,Asia/Kolkata,-28.371935,11.827153,,,,Chandigarh Pollution Control Committee,CPCB
233415,"Sector 22, Chandigarh - CPCC",relativehumidity,0.01682196064710499,ppb,2025-02-21T02:03:02+0000,2025-02-21T07:36:56+0530,Asia/Kolkata,-43.1339725,-63.586007,,,,Chandigarh Pollution Control Committee,CPCB
233415,"Sector 22, Chandigarh - CPCC",so2,3.0722739540298662,deg,2025-02-26T01:13:08+0000,2025-02-26T06:36:29+0530,Asia/Kolkata,11.7741425,161.839803,,,,Chandigarh Pollution Control Committee,CPCB
233415,"Sector 22, Chandigarh - CPCC",wind_direction,40.46457521151203,deg,2025-03-03T17:00:00+0000,2025-03-03T22:30:00+0530,Asia/Kolkata,-37.553113,119.518813,,,,Chandigarh Pollution Control Committee,CPCB
233415,"Sector 22, Chandigarh - CPCC",no,53.20011367902482,ppb,2025-02-25T10:35:47+0000,2025-02-25T16:02:21+0530,Asia/Kolkata,-27.5103845,-62.703505,,,,Chandigarh Pollution Control Committee,CPCB
233415,"Sector 22, Chandigarh - CPCC",no,0.004763089682769106,ppb,2025-03-03T02:56:46+0000,2025-03-03T08:28:26+0530,Asia/Kolkata,66.121663,-159.897345,,,,Chandigarh Pollution Control Committee,CPCB
233415,"Sector 22, Chandigarh - CPCC",co,0.6570814635094966,ppb,2025-02-27T07:28:57+0000,2025-02-27T12:56:48+0530,Asia/Kolkata,37.2604845,-54.885498,,,,Chandigarh Pollution Control Committee,CPCB
233415,"Sector 22, Chandigarh - CPCC",wind_speed,275.1880595692843,%,2025-02-20T20:35:23+0000,2025-02-21T02:01:18+0530,Asia/Kolkata,-87.4352275,-101.537255,,,,Chandigarh Pollution Control Committee,CPCB
233415,"Sector 22, Chandigarh - CPCC",o3,0.9679371900513515,%,2025-02-25T13:15:14+0000,2025-02-25T18:44:26+0530,Asia/Kolkata,46.440875,-138.125904,,,,Chandigarh Pollution Control Committee,CPCB
233415,"Sector 22, Chandigarh - CPCC",no2,3.8379335748404784,ppb,2025-02-25T08:25:01+0000,2025-02-25T13:57:16+0530,Asia/Kolkata,54.5221725,110.068205,,,,Chandigarh Pollution Control Committee,CPCB
233415,"Sector 22, Chandigarh - CPCC",temperature,15.728173562761176,µg/m³,2025-02-27T02:14:30+0000,2025-02-27T07:41:43+0530,Asia/Kolkata,-8.887066,129.261496,,,,Chandigarh Pollution Control Committee,CPCB
233415,"Sector 22, Chandigarh - CPCC",temperature,123.69110570550787,deg,2025-02-22T20:03:19+0000,2025-02-23T01:37:00+0530,Asia/Kolkata,68.969137,151.6355,,,,Chandigarh Pollution Control Committee,CPCB
233415,"Sector 22, Chandigarh - CPCC",o3,0.020191804619746845,ppb,2025-02-22T17:25:16+0000,2025-02-22T22:57:00+0530,Asia/Kolkata,-66.241482,142.949233,,,,Chandigarh Pollution Control Committee,CPCB
233415,"Sector 22, Chandigarh - CPCC",so2,1.695258215368917,ppb,2025-02-24T19:26:40+0000,2025-02-25T00:53:15+0530,Asia/Kolkata,38.263017,-57.497182,,,,Chandigarh Pollution Control Committee,CPCB
233415,"Sector 22, Chandigarh - CPCC",nox,2.5317313797235705,µg/m³,2025-02-24T17:54:33+0000,2025-02-24T23:27:22+0530,Asia/Kolkata,-33.217055,76.141229,,,,Chandigarh Pollution Control Committee,CPCB
233415,"Sector 22, Chandigarh - CPCC",nox,0.009657358765504616,ppb,2025-02-22T07:05:28+0000,2025-02-22T12:37:42+0530,Asia/Kolkata,45.5270575,-44.53641,,,,Chandigarh Pollution Control Committee,CPCB
233415,"Sector 22, Chandigarh - CPCC",nox,13.345578375821692,ppb,2025-02-20T10:05:20+0000,2025-02-20T15:35:26+0530,Asia/Kolkata,-69.5719575,85.922456,,,,Chandigarh Pollution Control Committee,CPCB
233415,"Sector 22, Chandigarh - CPCC",relativehumidity,12.067061157990274,ppb,2025-02-19T07:48:55+0000,2025-02-19T13:18:35+0530,Asia/Kolkata,82.9873455,-46.191865,,,,Chandigarh Pollution Control Committee,CPCB
233415,"Sector 22, Chandigarh - CPCC",so2,5.066593508561601,µg/m³,2025-03-02T05:34:38+0000,2025-03-02T11:07:35+0530,Asia/Kolkata,57.8767765,116.790158,,,,Chandigarh Pollution Control Committee,CPCB
233415,"Sector 22, Chandigarh - CPCC",so2,311.63094839479743,deg,2025-02-26T16:01:41+0000,2025-02-26T21:36:37+0530,Asia/Kolkata,-65.6394445,-17.526728,,,,Chandigarh Pollution Control Committee,CPCB
233415,"Sector 22, Chandigarh - CPCC",temperature,31.781064598769508,µg/m³,2025-03-01T15:46:58+0000,2025-03-01T21:17:41+0530,Asia/Kolkata,-73.630879,139.708458,,,,Chandigarh Pollution Control Committee,CPCB
233415,"Sector 22, Chandigarh - CPCC",no2,105.66790544983154,ppb,2025-03-02T16:23:16+0000,2025-03-02T21:54:44+0530,Asia/Kolkata,-78.0282005,-105.15259,,,,Chandigarh Pollution Control Committee,CPCB
233415,"Sector 22, Chandigarh - CPCC",pm10,12.723683437857554,c,2025-02-25T11:11:13+0000,2025-02-25T16:46:28+0530,Asia/Kolkata,-51.494923,133.07971,,,,Chandigarh Pollution Control Committee,CPCB
233415,"Sector 22, Chandigarh - CPCC",temperature,99.42905976936781,deg,2025-03-03T01:09:05+0000,2025-03-03T06:39:12+0530,Asia/Kolkata,55.838864,-77.75298,,,,Chandigarh Pollution Control Committee,CPCB
233415,"Sector 22, Chandigarh - CPCC",co,0.2233860368077653,ppb,2025-02-28T17:44:13+0000,2025-02-28T23:11:15+0530,Asia/Kolkata,-70.084052,-153.878524,,,,Chandigarh Pollution Control Committee,CPCB
233415,"Sector 22, Chandigarh - CPCC",so2,54.398178913656885,%,2025-02-27T01:59:29+0000,2025-02-27T07:30:23+0530,Asia/Kolkata,-46.5084505,96.077152,,,,Chandigarh Pollution Control Committee,CPCB
233415,"Sector 22, Chandigarh - CPCC",pm25,86.81749533548701,ppb,2025-02-24T04:27:59+0000,2025-02-24T09:55:51+0530,Asia/Kolkata,24.990907,-5.397098,,,,Chandigarh Pollution Control Committee,CPCB
233415,"Sector 22, Chandigarh - CPCC",nox,205.89621606123035,%,2025-03-03T17:00:00+0000,2025-03-03T22:30:00+0530,Asia/Kolkata,-44.7466805,-147.271103,,,,Chandigarh Pollution Control Committee,CPCB
233415,"Sector 22, Chandigarh - CPCC",wind_speed,251.2354190277362,m/s,2025-02-24T00:38:52+0000,2025-02-24T06:11:29+0530,Asia/Kolkata,-19.541211,-26.397605,,,,Chandigarh Pollution Control Committee,CPCB
233415,"Sector 22, Chandigarh - CPCC",nox,0.5721730361128704,c,2025-02-20T13:34:24+0000,2025-02-20T19:04:46+0530,Asia/Kolkata,18.9513785,-177.155738,,,,Chandigarh Pollution Control Committee,CPCB
233415,"Sector 22, Chandigarh - CPCC",relativehumidity,69.74799643085585,c,2025-02-21T17:47:19+0000,2025-02-21T23:16:02+0530,Asia/Kolkata,-7.883654,88.543855,,,,Chandigarh Pollution Control Committee,CPCB
233415,"Sector 22, Chandigarh - CPCC",pm10,0.19563106846805245,ppb,2025-02-25T00:54:02+0000,2025-02-25T06:19:07+0530,Asia/Kolkata,-48.595515,-145.623018,,,,Chandigarh Pollution Control Committee,CPCB
233415,"Sector 22, Chandigarh - CPCC",relativehumidity,3.1223206730065116,ppb,2025-02-23T23:25:24+0000,2025-02-24T04:55:14+0530,Asia/Kolkata,82.743488,-73.474655,,,,Chandigarh Pollution Control Committee,CPCB
233415,"Sector 22, Chandigarh - CPCC",pm25,7.490980287255474,ppb,2025-02-24T00:19:12+0000,2025-02-24T05:50:09+0530,Asia/Kolkata,8.225608,125.255625,,,,Chandigarh Pollution Control Committee,CPCB
233415,"Sector 22, Chandigarh - CPCC",o3,16.281632663133994,µg/m³,2025-02-25T05:03:25+0000,2025-02-25T10:33:23+0530,Asia/Kolkata,-15.845035,32.987927,,,,Chandigarh Pollution Control Committee,CPCB
233415,"Sector 22, Chandigarh - CPCC",pm10,40.08801791537201,µg/m³,2025-03-01T22:35:41+0000,2025-03-02T04:06:19+0530,Asia/Kolkata,47.1082735,142.899103,,,,Chandigarh Pollution Control Committee,CPCB
233415,"Sector 22, Chandigarh - CPCC",pm25,3.812606024737341,c,2025-02-28T17:05:29+0000,2025-02-28T22:36:50+0530,Asia/Kolkata,41.9350645,-118.5012,,,,Chandigarh Pollution Control Committee,CPCB
233415,"Sector 22, Chandigarh - CPCC",nox,79.36623880020302,ppb,2025-02-21T07:17:29+0000,2025-02-21T12:48:00+0530,Asia/Kolkata,-54.033171,3.180356,,,,Chandigarh Pollution Control Committee,CPCB
233415,"Sector 22, Chandigarh - CPCC",wind_direction,1.6167282995739694,deg,2025-02-25T18:26:38+0000,2025-02-25T23:50:11+0530,Asia/Kolkata,22.29622,126.50068,,,,Chandigarh Pollution Control Committee,CPCB
233415,"Sector 22, Chandigarh - CPCC",pm25,15.20087312866109,deg,2025-03-02T00:33:55+0000,2025-03-02T06:02:26+0530,Asia/Kolkata,68.460282,111.83582,,,,Chandigarh Pollution Control Committee,CPCB
233415,"Sector 22, Chandigarh - CPCC",no2,15.298829721188294,ppb,2025-03-03T02:15:50+0000,2025-03-03T07:46:00+0530,Asia/Kolkata,-66.603909,105.927062,,,,Chandigarh Pollution Control Committee,CPCB
233415,"Sector 22, Chandigarh - CPCC",temperature,0.007903006328206839,c,2025-02-24T03:09:42+0000,2025-02-24T08:35:09+0530,Asia/Kolkata,14.7559465,43.250753,,,,Chandigarh Pollution Control Committee,CPCB
233415,"Sector 22, Chandigarh - CPCC",so2,191.84598528775805,%,2025-02-23T20:04:09+0000,2025-02-24T01:34:40+0530,Asia/Kolkata,-65.5756655,155.369193,,,,Chandigarh Pollution Control Committee,CPCB
233415,"Sector 22, Chandigarh - CPCC",o3,52.634281512396505,ppb,2025-02-21T13:40:54+0000,2025-02-21T19:12:27+0530,Asia/Kolkata,36.450602,-114.741324,,,,Chandigarh Pollution Control Committee,CPCB
233415,"Sector 22, Chandigarh - CPCC",so2,0.3011370454015554,µg/m³,2025-02-19T14:14:40+0000,2025-02-19T19:45:47+0530,Asia/Kolkata,7.4541325,160.821561,,,,Chandigarh Pollution Control Committee,CPCB
233415,"Sector 22, Chandigarh - CPCC",temperature,7.473394336550127,µg/m³,2025-02-23T02:40:27+0000,2025-02-23T08:10:31+0530,Asia/Kolkata,-82.495697,100.237708,,,,Chandigarh Pollution Control Committee,CPCB
233415,"Sector 22, Chandigarh - CPCC",nox,124.55759200719277,µg/m³,2025-02-26T05:13:36+0000,2025-02-26T10:43:59+0530,Asia/Kolkata,-65.9096145,86.019811,,,,Chandigarh Pollution Control Committee,CPCB
233415,"Sector 22, Chandigarh - CPCC",temperature,12.615015826878695,µg/m³,2025-03-03T13:24:46+0000,2025-03-03T18:55:10+0530,Asia/Kolkata,-52.7100925,-79.53883,,,,Chandigarh Pollution Control Committee,CPCB
233415,"Sector 22, Chandigarh - CPCC",o3,4.221284757381911,µg/m³,2025-02-20T05:36:57+0000,2025-02-20T11:05:27+0530,Asia/Kolkata,-11.063572,-152.577103,,,,Chandigarh Pollution Control Committee,CPCB
233415,"Sector 22, Chandigarh - CPCC",pm10,17.206925872871498,ppb,2025-02-19T23:02:28+0000,2025-02-20T04:30:44+0530,Asia/Kolkata,-21.418185,-79.678284,,,,Chandigarh Pollution Control Committee,CPCB
233415,"Sector 22, Chandigarh - CPCC",so2,31.309367797865214,ppb,2025-03-03T00:40:19+0000,2025-03-03T06:09:39+0530,Asia/Kolkata,-15.214653,-58.7549,,,,Chandigarh Pollution Control Committee,CPCB
233415,"Sector 22, Chandigarh - CPCC",wind_speed,224.90225824797267,deg,2025-02-24T18:36:53+0000,2025-02-25T00:02:42+0530,Asia/Kolkata,87.105257,31.641148,,,,Chandigarh Pollution Control Committee,CPCB
233415,"Sector 22, Chandigarh - CPCC",so2,20.20776920153902,µg/m³,2025-02-19T00:32:03+0000,2025-02-19T06:01:58+0530,Asia/Kolkata,-80.533482,-116.489194,,,,Chandigarh Pollution Control Committee,CPCB
233415,"Sector 22, Chandigarh - CPCC",no,0.057799432301452,ppb,2025-02-19T10:19:20+0000,2025-02-19T15:51:03+0530,Asia/Kolkata,-15.783175,-43.911658,,,,Chandigarh Pollution Control Committee,CPCB
233415,"Sector 22, Chandigarh - CPCC",temperature,49.66479862606162,deg,2025-02-24T06:14:47+0000,2025-02-24T11:49:34+0530,Asia/Kolkata,-54.905333,55.108819,,,,Chandigarh Pollution Control Committee,CPCB
233415,"Sector 22, Chandigarh - CPCC",no2,65.56582738148667,µg/m³,2025-03-03T17:00:00+0000,2025-03-03T22:30:00+0530,Asia/Kolkata,-18.3032235,-36.400172,,,,Chandigarh Pollution Control Committee,CPCB
233415,"Sector 22, Chandigarh - CPCC",relativehumidity,184.47396661900356,ppb,2025-03-01T22:48:38+0000,2025-03-02T04:18:04+0530,Asia/Kolkata,54.4447605,134.27784,,,,Chandigarh Pollution Control Committee,CPCB
233415,"Sector 22, Chandigarh - CPCC",wind_direction,26.974500156607604,deg,2025-02-21T22:43:12+0000,2025-02-22T04:17:50+0530,Asia/Kolkata,-56.3459035,-105.412534,,,,Chandigarh Pollution Control Committee,CPCB
233415,"Sector 22, Chandigarh - CPCC",nox,1.2842649857939339,deg,2025-03-01T08:08:10+0000,2025-03-01T13:41:20+0530,Asia/Kolkata,87.6103645,-37.217031,,,,Chandigarh Pollution Control Committee,CPCB
233415,"Sector 22, Chandigarh - CPCC",wind_speed,214.65626563076003,m/s,2025-02-22T04:18:07+0000,2025-02-22T09:45:05+0530,Asia/Kolkata,44.174189,118.635237,,,,Chandigarh Pollution Control Committee,CPCB
233415,"Sector 22, Chandigarh - CPCC",o3,6.4421452208635435,ppb,2025-02-25T17:17:39+0000,2025-02-25T22:53:13+0530,Asia/Kolkata,-49.965837,22.3417,,,,Chandigarh Pollution Control Committee,CPCB
233415,"Sector 22, Chandigarh - CPCC",temperature,0.3471419898639988,ppb,2025-02-21T21:14:10+0000,2025-02-22T02:42:52+0530,Asia/Kolkata,70.91224,139.614556,,,,Chandigarh Pollution Control Committee,CPCB
233415,"Sector 22, Chandigarh - CPCC",o3,3.816266776207338,ppb,2025-02-19T05:43:12+0000,2025-02-19T11:11:47+0530,Asia/Kolkata,-39.645338,143.552513,,,,Chandigarh Pollution Control Committee,CPCB
233415,"Sector 22, Chandigarh - CPCC",no,23.609737385237388,ppb,2025-02-24T07:38:32+0000,2025-02-24T13:09:17+0530,Asia/Kolkata,66.425178,-32.761795,,,,Chandigarh Pollution Control Committee,CPCB
233415,"Sector 22, Chandigarh - CPCC",so2,0.7020535353374582,ppb,2025-02-23T21:25:34+0000,2025-02-24T02:58:53+0530,Asia/Kolkata,25.8193445,-2.298399,,,,Chandigarh Pollution Control Committee,CPCB
233415,"Sector 22, Chandigarh - CPCC",o3,0.048630479731632814,ppb,2025-02-27T19:27:22+0000,2025-02-28T00:56:30+0530,Asia/Kolkata,-57.080789,32.848796,,,,Chandigarh Pollution Control Committee,CPCB
233415,"Sector 22, Chandigarh - CPCC",pm25,13.155987554391919,µg/m³,2025-02-24T18:11:03+0000,2025-02-24T23:40:11+0530,Asia/Kolkata,-0.3041255,22.880433,,,,Chandigarh Pollution Control Committee,CPCB
233415,"Sector 22, Chandigarh - CPCC",wind_speed,17.078739819282543,m/s,2025-02-25T12:33:58+0000,2025-02-25T18:03:27+0530,Asia/Kolkata,-81.155561,37.956503,,,,Chandigarh Pollution Control Committee,CPCB
233415,"Sector 22, Chandigarh - CPCC",pm10,61.30329887828095,µg/m³,2025-02-27T16:10:18+0000,2025-02-27T21:39:45+0530,Asia/Kolkata,-55.4569085,49.130359,,,,Chandigarh Pollution Control Committee,CPCB
233415,"Sector 22, Chandigarh - CPCC",pm10,23.33268609653189,µg/m³,2025-02-25T13:56:48+0000,2025-02-25T19:24:30+0530,Asia/Kolkata,78.8955185,173.644594,,,,Chandigarh Pollution Control Committee,CPCB
233415,"Sector 22, Chandigarh - CPCC",nox,54.24416803641606,ppb,2025-02-19T05:56:55+0000,2025-02-19T11:26:38+0530,Asia/Kolkata,82.332535,-147.233977,,,,Chandigarh Pollution Control Committee,CPCB
233415,"Sector 22, Chandigarh - CPCC",wind_speed,201.4356866010441,µg/m³,2025-03-01T13:41:02+0000,2025-03-01T19:11:47+0530,Asia/Kolkata,21.742883,7.240228,,,,Chandigarh Pollution Control Committee,CPCB
233415,"Sector 22, Chandigarh - CPCC",no2,166.48562345715663,ppb,2025-02-25T18:15:26+0000,2025-02-25T23:42:01+0530,Asia/Kolkata,-68.900978,175.173214,,,,Chandigarh Pollution Control Committee,CPCB
233415,"Sector 22, Chandigarh - CPCC",pm10,214.49667493351046,µg/m³,2025-02-28T07:43:50+0000,2025-02-28T13:13:19+0530,Asia/Kolkata,33.2944345,-65.392323,,,,Chandigarh Pollution Control Committee,CPCB
233415,"Sector 22, Chandigarh - CPCC",o3,52.94671041563519,µg/m³,2025-02-20T22:51:51+0000,2025-02-21T04:19:00+0530,Asia/Kolkata,-57.3553155,-29.472332,,,,Chandigarh Pollution Control Committee,CPCB
233415,"Sector 22, Chandigarh - CPCC",wind_direction,85.46039977332387,deg,2025-02-24T11:12:46+0000,2025-02-24T16:41:27+0530,Asia/Kolkata,-20.662132,128.940875,,,,Chandigarh Pollution Control Committee,CPCB
233415,"Sector 22, Chandigarh - CPCC",nox,0.005387719172418556,c,2025-02-21T19:26:51+0000,2025-02-22T00:57:22+0530,Asia/Kolkata,66.78565,-6.947901,,,,Chandigarh Pollution Control Committee,CPCB
233415,"Sector 22, Chandigarh - CPCC",wind_speed,65.3799792914532,m/s,2025-02-18T23:12:11+0000,2025-02-19T04:42:26+0530,Asia/Kolkata,47.748234,56.065143,,,,Chandigarh Pollution Control Committee,CPCB
233415,"Sector 22, Chandigarh - CPCC",relativehumidity,5.50998546900389,ppb,2025-03-01T14:24:09+0000,2025-03-01T19:51:55+0530,Asia/Kolkata,34.213638,-28.280884,,,,Chandigarh Pollution Control Committee,CPCB
233415,"Sector 22, Chandigarh - CPCC",no2,9.63509148590941,%,2025-02-21T23:14:08+0000,2025-02-22T04:45:40+0530,Asia/Kolkata,-85.2331485,107.718626,,,,Chandigarh Pollution Control Committee,CPCB
233415,"Sector 22, Chandigarh - CPCC",pm25,1.8507877112624846,ppb,2025-02-20T16:51:16+0000,2025-02-20T22:26:50+0530,Asia/Kolkata,20.700611,-83.43345,,,,Chandigarh Pollution Control Committee,CPCB
233415,"Sector 22, Chandigarh - CPCC",nox,11.088676227962882,µg/m³,2025-03-03T07:00:17+0000,2025-03-03T12:27:36+0530,Asia/Kolkata,-51.2662415,-122.284629,,,,Chandigarh Pollution Control Committee,CPCB
233415,"Sector 22, Chandigarh - CPCC",no,119.31228375400325,ppb,2025-02-23T22:53:53+0000,2025-02-24T04:20:44+0530,Asia/Kolkata,-82.6802395,-165.820805,,,,Chandigarh Pollution Control Committee,CPCB
233415,"Sector 22, Chandigarh - CPCC",no,8.006473240056758,ppb,2025-02-27T09:51:25+0000,2025-02-27T15:24:52+0530,Asia/Kolkata,-7.893497,68.878039,,,,Chandigarh Pollution Control Committee,CPCB
233415,"Sector 22, Chandigarh - CPCC",pm25,10.148886356975014,µg/m³,2025-02-21T12:57:37+0000,2025-02-21T18:26:36+0530,Asia/Kolkata,-17.6475565,52.438591,,,,Chandigarh Pollution Control Committee,CPCB
233415,"Sector 22, Chandigarh - CPCC",co,0.8568229153582677,ppb,2025-02-19T06:05:55+0000,2025-02-19T11:35:20+0530,Asia/Kolkata,57.9782835,-79.514403,,,,Chandigarh Pollution Control Committee,CPCB
233415,"Sector 22, Chandigarh - CPCC",wind_speed,8.628480158594435,c,2025-02-22T01:31:33+0000,2025-02-22T06:55:52+0530,Asia/Kolkata,63.5531015,170.833502,,,,Chandigarh Pollution Control Committee,CPCB
233415,"Sector 22, Chandigarh - CPCC",relativehumidity,57.646980493527266,c,2025-02-28T01:54:45+0000,2025-02-28T07:25:18+0530,Asia/Kolkata,3.981954,-116.796482,,,,Chandigarh Pollution Control Committee,CPCB
233415,"Sector 22, Chandigarh - CPCC",wind_direction,25.579575827735997,µg/m³,2025-02-27T17:57:22+0000,2025-02-27T23:33:03+0530,Asia/Kolkata,1.7536985,167.159962,,,,Chandigarh Pollution Control Committee,CPCB
233415,"Sector 22, Chandigarh - CPCC",relativehumidity,129.1764767127059,µg/m³,2025-02-27T20:10:35+0000,2025-02-28T01:40:02+0530,Asia/Kolkata,-4.0402185,54.917277,,,,Chandigarh Pollution Control Committee,CPCB
233415,"Sector 22, Chandigarh - CPCC",o3,8.938198015502286,ppb,2025-02-22T04:44:32+0000,2025-02-22T10:11:34+0530,Asia/Kolkata,1.493616,116.843705,,,,Chandigarh Pollution Control Committee,CPCB
233415,"Sector 22, Chandigarh - CPCC",temperature,32.2620040392436,µg/m³,2025-03-02T13:40:03+0000,2025-03-02T19:08:23+0530,Asia/Kolkata,-74.512693,47.084923,,,,Chandigarh Pollution Control Committee,CPCB
233415,"Sector 22, Chandigarh - CPCC",so2,1.815722300017901,ppb,2025-02-24T10:57:43+0000,2025-02-24T16:29:15+0530,Asia/Kolkata,-75.317516,-119.396478,,,,Chandigarh Pollution Control Committee,CPCB
233415,"Sector 22, Chandigarh - CPCC",co,332.4544816264513,ppb,2025-03-02T17:09:48+0000,2025-03-02T22:36:44+0530,Asia/Kolkata,-75.4603575,-148.74861,,,,Chandigarh Pollution Control Committee,CPCB
233415,"Sector 22, Chandigarh - CPCC",wind_speed,352.91452521366887,m/s,2025-02-23T22:53:18+0000,2025-02-24T04:28:19+0530,Asia/Kolkata,27.7187615,-65.469292,,,,Chandigarh Pollution Control Committee,CPCB
233415,"Sector 22, Chandigarh - CPCC",so2,0.4874723833244463,m/s,2025-02-28T20:14:46+0000,2025-03-01T01:45:12+0530,Asia/Kolkata,1.855133,-153.177515,,,,Chandigarh Pollution Control Committee,CPCB
233415,"Sector 22, Chandigarh - CPCC",no,0.8055606637161286,ppb,2025-02-23T10:52:35+0000,2025-02-23T16:23:39+0530,Asia/Kolkata,0.715154,128.94941,,,,Chandigarh Pollution Control Committee,CPCB
233415,"Sector 22, Chandigarh - CPCC",wind_speed,6.394543594802073,m/s,2025-03-03T13:17:21+0000,2025-03-03T18:48:35+0530,Asia/Kolkata,41.7176695,-36.28972,,,,Chandigarh Pollution Control Committee,CPCB
233415,"Sector 22, Chandigarh - CPCC",no,27.21945993994571,ppb,2025-02-19T00:12:39+0000,2025-02-19T05:42:52+0530,Asia/Kolkata,-81.5193165,-66.48592,,,,Chandigarh Pollution Control Committee,CPCB
233415,"Sector 22, Chandigarh - CPCC",relativehumidity,12.016688740810908,µg/m³,2025-03-01T03:08:33+0000,2025-03-01T08:41:39+0530,Asia/Kolkata,-48.0308945,-5.532334,,,,Chandigarh Pollution Control Committee,CPCB
233415,"Sector 22, Chandigarh - CPCC",temperature,43.6983395549575,deg,2025-02-24T03:25:33+0000,2025-02-24T08:53:31+0530,Asia/Kolkata,55.2839545,-55.76123,,,,Chandigarh Pollution Control Committee,CPCB
233415,"Sector 22, Chandigarh - CPCC",pm10,53.07982230219516,µg/m³,2025-02-20T13:53:15+0000,2025-02-20T19:28:09+0530,Asia/Kolkata,-43.1096545,147.557711,,,,Chandigarh Pollution Control Committee,CPCB
233415,"Sector 22, Chandigarh - CPCC",so2,0.6352102215340037,ppb,2025-02-28T21:45:42+0000,2025-03-01T03:10:01+0530,Asia/Kolkata,-40.4291355,-109.116825,,,,Chandigarh Pollution Control Committee,CPCB
233415,"Sector 22, Chandigarh - CPCC",wind_speed,204.54271050826856,deg,2025-03-01T16:24:16+0000,2025-03-01T21:54:30+0530,Asia/Kolkata,-73.614715,-10.54557,,,,Chandigarh Pollution Control Committee,CPCB
233415,"Sector 22, Chandigarh - CPCC",nox,40.496328815117884,ppb,2025-02-19T05:06:26+0000,2025-02-19T10:36:12+0530,Asia/Kolkata,20.006116,-129.451178,,,,Chandigarh Pollution Control Committee,CPCB
233415,"Sector 22, Chandigarh - CPCC",no,0.05091512155846356,ppb,2025-02-20T22:04:31+0000,2025-02-21T03:36:00+0530,Asia/Kolkata,-61.6033055,-11.701939,,,,Chandigarh Pollution Control Committee,CPCB
233415,"Sector 22, Chandigarh - CPCC",no2,4.920988011825903,ppb,2025-02-21T22:38:23+0000,2025-02-22T04:10:05+0530,Asia/Kolkata,55.428919,129.230833,,,,Chandigarh Pollution Control Committee,CPCB
233415,"Sector 22, Chandigarh - CPCC",relativehumidity,120.29992958667417,µg/m³,2025-02-25T13:08:41+0000,2025-02-25T18:36:39+0530,Asia/Kolkata,-27.473486,-48.881645,,,,Chandigarh Pollution Control Committee,CPCB
233415,"Sector 22, Chandigarh - CPCC",so2,8.087202496159787,µg/m³,2025-02-24T00:23:43+0000,2025-02-24T05:46:28+0530,Asia/Kolkata,35.137473,133.721968,,,,Chandigarh Pollution Control Committee,CPCB
233415,"Sector 22, Chandigarh - CPCC",o3,1.791680129371131,ppb,2025-02-22T03:57:48+0000,2025-02-22T09:25:14+0530,Asia/Kolkata,-30.165715,62.527375,,,,Chandigarh Pollution Control Committee,CPCB
233415,"Sector 22, Chandigarh - CPCC",wind_speed,305.54020015347464,m/s,2025-02-24T06:44:00+0000,2025-02-24T12:15:02+0530,Asia/Kolkata,-52.0055195,-66.825601,,,,Chandigarh Pollution Control Committee,CPCB
233415,"Sector 22, Chandigarh - CPCC",pm10,7.907778094708196,ppb,2025-02-25T17:53:40+0000,2025-02-25T23:16:41+0530,Asia/Kolkata,86.9443415,60.475435,,,,Chandigarh Pollution Control Committee,CPCB
233415,"Sector 22, Chandigarh - CPCC",co,60.90457940417859,ppb,2025-02-20T19:22:04+0000,2025-02-21T00:55:35+0530,Asia/Kolkata,23.5662915,174.550005,,,,Chandigarh Pollution Control Committee,CPCB
233415,"Sector 22, Chandigarh - CPCC",relativehumidity,5.963664734610744,µg/m³,2025-02-25T08:46:54+0000,2025-02-25T14:18:27+0530,Asia/Kolkata,24.667931,-178.240207,,,,Chandigarh Pollution Control Committee,CPCB
233415,"Sector 22, Chandigarh - CPCC",relativehumidity,62.24040981571027,%,2025-02-27T10:05:54+0000,2025-02-27T15:32:32+0530,Asia/Kolkata,-30.0109595,0.589774,,,,Chandigarh Pollution Control Committee,CPCB
233415,"Sector 22, Chandigarh - CPCC",no,53.742091114227996,ppb,2025-02-23T03:36:48+0000,2025-02-23T09:07:19+0530,Asia/Kolkata,58.2240545,-109.935118,,,,Chandigarh Pollution Control Committee,CPCB
233415,"Sector 22, Chandigarh - CPCC",pm10,1.4282086946413186,%,2025-02-24T20:40:51+0000,2025-02-25T02:11:46+0530,Asia/Kolkata,-89.612004,-49.357389,,,,Chandigarh Pollution Control Committee,CPCB
233415,"Sector 22, Chandigarh - CPCC",no,0.008403427358227676,ppb,2025-02-26T10:22:31+0000,2025-02-26T15:49:10+0530,Asia/Kolkata,12.8089785,22.960287,,,,Chandigarh Pollution Control Committee,CPCB
233415,"Sector 22, Chandigarh - CPCC",o3,182.55973838300605,deg,2025-03-02T10:44:34+0000,2025-03-02T16:14:50+0530,Asia/Kolkata,-61.709932,-178.493084,,,,Chandigarh Pollution Control Committee,CPCB
233415,"Sector 22, Chandigarh - CPCC",no2,1.8078282710732336,ppb,2025-02-20T22:07:39+0000,2025-02-21T03:38:49+0530,Asia/Kolkata,62.3152645,-165.113147,,,,Chandigarh Pollution Control Committee,CPCB
233415,"Sector 22, Chandigarh - CPCC",wind_direction,0.1288240852894141,c,2025-02-27T14:21:44+0000,2025-02-27T19:50:11+0530,Asia/Kolkata,-53.016965,-63.428462,,,,Chandigarh Pollution Control Committee,CPCB
233415,"Sector 22, Chandigarh - CPCC",o3,138.49772973691952,%,2025-02-27T19:19:05+0000,2025-02-28T00:50:10+0530,Asia/Kolkata,16.09638,145.802962,,,,Chandigarh Pollution Control Committee,CPCB
233415,"Sector 22, Chandigarh - CPCC",pm10,4.009934417538792,ppb,2025-02-24T09:17:41+0000,2025-02-24T14:49:01+0530,Asia/Kolkata,-2.397052,-116.546039,,,,Chandigarh Pollution Control Committee,CPCB
233415,"Sector 22, Chandigarh - CPCC",pm10,0.8137250532349405,ppb,2025-02-20T09:41:02+0000,2025-02-20T15:09:16+0530,Asia/Kolkata,35.2669305,122.207206,,,,Chandigarh Pollution Control Committee,CPCB
233415,"Sector 22, Chandigarh - CPCC",no,77.70698103712559,ppb,2025-03-02T04:26:25+0000,2025-03-02T09:55:46+0530,Asia/Kolkata,56.131139,60.574769,,,,Chandigarh Pollution Control Committee,CPCB
233415,"Sector 22, Chandigarh - CPCC",no,1.6414827692642302,ppb,2025-02-20T16:52:46+0000,2025-02-20T22:26:04+0530,Asia/Kolkata,43.7746695,137.019517,,,,Chandigarh Pollution Control Committee,CPCB
233415,"Sector 22, Chandigarh - CPCC",nox,53.7213390584143,ppb,2025-03-02T06:14:09+0000,2025-03-02T11:47:27+0530,Asia/Kolkata,83.7682415,-9.778175,,,,Chandigarh Pollution Control Committee,CPCB
233415,"Sector 22, Chandigarh - CPCC",pm10,65.7117272270841,µg/m³,2025-02-24T01:11:43+0000,2025-02-24T06:45:09+0530,Asia/Kolkata,-39.259893,40.808778,,,,Chandigarh Pollution Control Committee,CPCB
233415,"Sector 22, Chandigarh - CPCC",relativehumidity,0.15566155580771307,%,2025-02-24T17:33:46+0000,2025-02-24T23:03:22+0530,Asia/Kolkata,55.6968345,-18.058648,,,,Chandigarh Pollution Control Committee,CPCB
233415,"Sector 22, Chandigarh - CPCC",nox,63.45668617797853,µg/m³,2025-03-02T06:06:20+0000,2025-03-02T11:37:07+0530,Asia/Kolkata,-75.7269705,95.850982,,,,Chandigarh Pollution Control Committee,CPCB
233415,"Sector 22, Chandigarh - CPCC",no,2.549378174239053,ppb,2025-02-23T10:57:35+0000,2025-02-23T16:26:23+0530,Asia/Kolkata,-13.938125,88.832709,,,,Chandigarh Pollution Control Committee,CPCB
233415,"Sector 22, Chandigarh - CPCC",no2,1.8788336946015922,ppb,2025-02-24T14:07:15+0000,2025-02-24T19:36:59+0530,Asia/Kolkata,-66.2836245,127.422831,,,,Chandigarh Pollution Control Committee,CPCB
233415,"Sector 22, Chandigarh - CPCC",no,0.1539027398397379,ppb,2025-02-20T22:53:23+0000,2025-02-21T04:21:41+0530,Asia/Kolkata,6.987818,-42.924785,,,,Chandigarh Pollution Control Committee,CPCB
233415,"Sector 22, Chandigarh - CPCC",wind_speed,14.240234046108213,m/s,2025-03-03T16:57:09+0000,2025-03-03T22:26:50+0530,Asia/Kolkata,-39.108648,-30.854211,,,,Chandigarh Pollution Control Committee,CPCB
233415,"Sector 22, Chandigarh - CPCC",o3,14.61638539377507,ppb,2025-02-23T06:17:56+0000,2025-02-23T11:47:08+0530,Asia/Kolkata,-67.9264495,-39.636726,,,,Chandigarh Pollution Control Committee,CPCB
233415,"Sector 22, Chandigarh - CPCC",o3,44.699554606368956,µg/m³,2025-02-23T15:56:11+0000,2025-02-23T21:28:05+0530,Asia/Kolkata,-49.0543445,179.641844,,,,Chandigarh Pollution Control Committee,CPCB
233415,"Sector 22, Chandigarh - CPCC",no2,0.16112317797519177,ppb,2025-03-01T09:40:07+0000,2025-03-01T15:08:38+0530,Asia/Kolkata,-43.872184,149.679899,,,,Chandigarh Pollution Control Committee,CPCB
233415,"Sector 22, Chandigarh - CPCC",nox,257.2855153965023,c,2025-02-28T00:09:55+0000,2025-02-28T05:38:59+0530,Asia/Kolkata,-69.8906105,128.818211,,,,Chandigarh Pollution Control Committee,CPCB
233415,"Sector 22, Chandigarh - CPCC",so2,83.46279555554395,c,2025-02-26T02:04:02+0000,2025-02-26T07:37:02+0530,Asia/Kolkata,-89.0206705,98.439618,,,,Chandigarh Pollution Control Committee,CPCB
233415,"Sector 22, Chandigarh - CPCC",wind_speed,115.53003186688791,m/s,2025-02-23T08:42:45+0000,2025-02-23T14:12:10+0530,Asia/Kolkata,5.932224,56.780619,,,,Chandigarh Pollution Control Committee,CPCB
233415,"Sector 22, Chandigarh - CPCC",wind_speed,99.76732056760798,c,2025-03-02T03:06:58+0000,2025-03-02T08:39:09+0530,Asia/Kolkata,28.690902,107.590698,,,,Chandigarh Pollution Control Committee,CPCB
233415,"Sector 22, Chandigarh - CPCC",wind_speed,99.83206993942535,deg,2025-02-20T15:29:24+0000,2025-02-20T20:57:18+0530,Asia/Kolkata,-24.6173255,2.807803,,,,Chandigarh Pollution Control Committee,CPCB
233415,"Sector 22, Chandigarh - CPCC",no2,0.6682155464867675,ppb,2025-02-24T02:29:00+0000,2025-02-24T08:00:03+0530,Asia/Kolkata,-78.4004265,61.037361,,,,Chandigarh Pollution Control Committee,CPCB
233415,"Sector 22, Chandigarh - CPCC",no,13.978672685571278,ppb,2025-02-25T12:18:10+0000,2025-02-25T17:52:41+0530,Asia/Kolkata,30.80744,9.204328,,,,Chandigarh Pollution Control Committee,CPCB
233415,"Sector 22, Chandigarh - CPCC",no2,2.0739019302231276,ppb,2025-02-20T16:35:30+0000,2025-02-20T22:04:01+0530,Asia/Kolkata,83.272459,8.834924,,,,Chandigarh Pollution Control Committee,CPCB
233415,"Sector 22, Chandigarh - CPCC",no,2.8706237636080916,ppb,2025-02-24T15:58:01+0000,2025-02-24T21:27:12+0530,Asia/Kolkata,0.583664,-61.515732,,,,Chandigarh Pollution Control Committee,CPCB
233415,"Sector 22, Chandigarh - CPCC",temperature,0.575923845320157,m/s,2025-03-02T02:03:14+0000,2025-03-02T07:29:41+0530,Asia/Kolkata,2.625025,3.308603,,,,Chandigarh Pollution Control Committee,CPCB
233415,"Sector 22, Chandigarh - CPCC",nox,0.01043575739927653,µg/m³,2025-02-28T02:48:08+0000,2025-02-28T08:17:30+0530,Asia/Kolkata,51.1531815,-102.042448,,,,Chandigarh Pollution Control Committee,CPCB
233415,"Sector 22, Chandigarh - CPCC",relativehumidity,51.54508844766248,ppb,2025-02-27T12:30:16+0000,2025-02-27T17:55:06+0530,Asia/Kolkata,-38.8096865,31.403891,,,,Chandigarh Pollution Control Committee,CPCB
233415,"Sector 22, Chandigarh - CPCC",wind_speed,167.6481602001563,m/s,2025-03-03T17:00:00+0000,2025-03-03T22:30:00+0530,Asia/Kolkata,42.4160915,54.497283,,,,Chandigarh Pollution Control Committee,CPCB
233415,"Sector 22, Chandigarh - CPCC",relativehumidity,111.15772298174315,deg,2025-03-01T23:10:47+0000,2025-03-02T04:41:52+0530,Asia/Kolkata,24.736658,-77.93773,,,,Chandigarh Pollution Control Committee,CPCB
233415,"Sector 22, Chandigarh - CPCC",wind_speed,276.580035485462,c,2025-02-19T12:35:27+0000,2025-02-19T18:04:56+0530,Asia/Kolkata,48.0529675,-33.719369,,,,Chandigarh Pollution Control Committee,CPCB
233415,"Sector 22, Chandigarh - CPCC",co,9.80050095275149,ppb,2025-03-03T05:02:09+0000,2025-03-03T10:31:03+0530,Asia/Kolkata,24.8355335,-5.703873,,,,Chandigarh Pollution Control Committee,CPCB
233415,"Sector 22, Chandigarh - CPCC",no2,38.809972925873325,ppb,2025-02-25T19:05:38+0000,2025-02-26T00:31:58+0530,Asia/Kolkata,52.839732,134.157158,,,,Chandigarh Pollution Control Committee,CPCB
233415,"Sector 22, Chandigarh - CPCC",temperature,111.4902041339298,µg/m³,2025-02-19T10:15:45+0000,2025-02-19T15:45:13+0530,Asia/Kolkata,-22.789474,77.207781,,,,Chandigarh Pollution Control Committee,CPCB
233415,"Sector 22, Chandigarh - CPCC",o3,102.05214728741873,ppb,2025-03-01T13:02:11+0000,2025-03-01T18:29:51+0530,Asia/Kolkata,55.1004525,-156.381513,,,,Chandigarh Pollution Control Committee,CPCB
233415,"Sector 22, Chandigarh - CPCC",temperature,74.40861381741128,ppb,2025-03-03T00:08:15+0000,2025-03-03T05:39:37+0530,Asia/Kolkata,49.7570695,68.247792,,,,Chandigarh Pollution Control Committee,CPCB
233415,"Sector 22, Chandigarh - CPCC",pm10,8.553919957239552e-05,µg/m³,2025-03-02T00:55:20+0000,2025-03-02T06:22:32+0530,Asia/Kolkata,53.2912855,-16.62869,,,,Chandigarh Pollution Control Committee,CPCB
233415,"Sector 22, Chandigarh - CPCC",nox,18.08025021776261,µg/m³,2025-03-01T13:03:10+0000,2025-03-01T18:34:29+0530,Asia/Kolkata,72.0671645,-165.490471,,,,Chandigarh Pollution Control Committee,CPCB
233415,"Sector 22, Chandigarh - CPCC",nox,8.737393535717873,deg,2025-02-27T02:31:52+0000,2025-02-27T07:58:05+0530,Asia/Kolkata,-62.7609815,141.291077,,,,Chandigarh Pollution Control Committee,CPCB
233415,"Sector 22, Chandigarh - CPCC",no2,1.5348245611696842,ppb,2025-02-20T07:16:29+0000,2025-02-20T12:49:35+0530,Asia/Kolkata,-19.443516,95.997076,,,,Chandigarh Pollution Control Committee,CPCB
233415,"Sector 22, Chandigarh - CPCC",so2,55.545579688573476,c,2025-02-28T17:09:18+0000,2025-02-28T22:36:51+0530,Asia/Kolkata,-24.2325755,-5.574843,,,,Chandigarh Pollution Control Committee,CPCB
233415,"Sector 22, Chandigarh - CPCC",nox,4.971549623616024,%,2025-03-02T05:59:14+0000,2025-03-02T11:28:07+0530,Asia/Kolkata,-54.022528,-55.854891,,,,Chandigarh Pollution Control Committee,CPCB
233415,"Sector 22, Chandigarh - CPCC",o3,159.31541209051227,ppb,2025-02-24T15:23:29+0000,2025-02-24T20:58:24+0530,Asia/Kolkata,50.42871,-26.68236,,,,Chandigarh Pollution Control Committee,CPCB
233415,"Sector 22, Chandigarh - CPCC",nox,0.012428882805281184,µg/m³,2025-02-23T05:19:54+0000,2025-02-23T10:53:20+0530,Asia/Kolkata,81.2059615,-164.22878,,,,Chandigarh Pollution Control Committee,CPCB
233415,"Sector 22, Chandigarh - CPCC",o3,0.442919865009952,ppb,2025-02-22T00:42:49+0000,2025-02-22T06:13:26+0530,Asia/Kolkata,-29.1019735,-13.455031,,,,Chandigarh Pollution Control Committee,CPCB
233415,"Sector 22, Chandigarh - CPCC",no2,0.10913274039478012,ppb,2025-02-20T11:29:40+0000,2025-02-20T16:59:21+0530,Asia/Kolkata,33.888031,-19.344595,,,,Chandigarh Pollution Control Committee,CPCB
233415,"Sector 22, Chandigarh - CPCC",wind_direction,131.01701178322577,c,2025-02-22T06:59:38+0000,2025-02-22T12:36:17+0530,Asia/Kolkata,-84.451583,-64.101065,,,,Chandigarh Pollution Control Committee,CPCB
233415,"Sector 22, Chandigarh - CPCC",pm10,3.83341391930199,deg,2025-03-02T02:29:05+0000,2025-03-02T08:07:25+0530,Asia/Kolkata,-83.338445,-1.554309,,,,Chandigarh Pollution Control Committee,CPCB
233415,"Sector 22, Chandigarh - CPCC",temperature,7.548433037614207,ppb,2025-03-03T10:06:30+0000,2025-03-03T15:35:48+0530,Asia/Kolkata,-63.154466,-126.327585,,,,Chandigarh Pollution Control Committee,CPCB
233415,"Sector 22, Chandigarh - CPCC",co,93.32842085521825,ppb,2025-03-03T15:23:57+0000,2025-03-03T20:54:43+0530,Asia/Kolkata,-31.107507,-111.509522,,,,Chandigarh Pollution Control Committee,CPCB
233415,"Sector 22, Chandigarh - CPCC",wind_direction,66.21373462418376,µg/m³,2025-02-23T21:28:34+0000,2025-02-24T02:55:38+0530,Asia/Kolkata,85.0212595,104.817553,,,,Chandigarh Pollution Control Committee,CPCB
233415,"Sector 22, Chandigarh - CPCC",wind_direction,51.809101465559074,µg/m³,2025-02-26T19:51:05+0000,2025-02-27T01:25:56+0530,Asia/Kolkata,-31.525229,146.706585,,,,Chandigarh Pollution Control Committee,CPCB
233415,"Sector 22, Chandigarh - CPCC",pm10,1.6308380504684368,µg/m³,2025-02-20T10:11:12+0000,2025-02-20T15:40:38+0530,Asia/Kolkata,67.8929555,-61.825736,,,,Chandigarh Pollution Control Committee,CPCB
233415,"Sector 22, Chandigarh - CPCC",so2,200.41191337584917,µg/m³,2025-02-20T21:51:48+0000,2025-02-21T03:20:28+0530,Asia/Kolkata,-14.145336,-9.74272,,,,Chandigarh Pollution Control Committee,CPCB
233415,"Sector 22, Chandigarh - CPCC",temperature,26.144294961643265,m/s,2025-02-22T04:31:41+0000,2025-02-22T09:57:13+0530,Asia/Kolkata,79.407483,-26.768521,,,,Chandigarh Pollution Control Committee,CPCB
233415,"Sector 22, Chandigarh - CPCC",wind_direction,38.82626504749283,%,2025-02-19T11:21:59+0000,2025-02-19T16:50:48+0530,Asia/Kolkata,38.8822445,99.849584,,,,Chandigarh Pollution Control Committee,CPCB
233415,"Sector 22, Chandigarh - CPCC",no2,8.293861180344427,ppb,2025-02-21T08:00:10+0000,2025-02-21T13:29:16+0530,Asia/Kolkata,69.9686045,-84.017594,,,,Chandigarh Pollution Control Committee,CPCB
233415,"Sector 22, Chandigarh - CPCC",wind_direction,1.8816894315379327,c,2025-02-26T04:15:59+0000,2025-02-26T09:48:52+0530,Asia/Kolkata,22.3328955,-166.165699,,,,Chandigarh Pollution Control Committee,CPCB
233415,"Sector 22, Chandigarh - CPCC",pm25,222.22422525563428,µg/m³,2025-02-25T01:08:44+0000,2025-02-25T06:38:09+0530,Asia/Kolkata,-48.751858,-8.571178,,,,Chandigarh Pollution Control Committee,CPCB
233415,"Sector 22, Chandigarh - CPCC",wind_speed,62.758697360430816,m/s,2025-02-28T15:05:50+0000,2025-02-28T20:32:01+0530,Asia/Kolkata,-11.6557475,155.143567,,,,Chandigarh Pollution Control Committee,CPCB
233415,"Sector 22, Chandigarh - CPCC",wind_speed,13.646794974933398,µg/m³,2025-03-02T15:38:56+0000,2025-03-02T21:10:48+0530,Asia/Kolkata,-41.454471,3.649994,,,,Chandigarh Pollution Control Committee,CPCB
233415,"Sector 22, Chandigarh - CPCC",no2,54.26599946927342,ppb,2025-02-25T13:38:57+0000,2025-02-25T19:11:48+0530,Asia/Kolkata,-56.99151,-145.988309,,,,Chandigarh Pollution Control Committee,CPCB
233415,"Sector 22, Chandigarh - CPCC",no2,6.066553894478666e-05,ppb,2025-02-26T11:52:47+0000,2025-02-26T17:22:33+0530,Asia/Kolkata,-46.9430605,-79.440684,,,,Chandigarh Pollution Control Committee,CPCB
233415,"Sector 22, Chandigarh - CPCC",so2,2.019811310132313,%,2025-02-22T09:38:48+0000,2025-02-22T15:07:42+0530,Asia/Kolkata,64.235759,-126.022971,,,,Chandigarh Pollution Control Committee,CPCB
233415,"Sector 22, Chandigarh - CPCC",temperature,10.891166890938043,m/s,2025-02-25T16:54:20+0000,2025-02-25T22:16:15+0530,Asia/Kolkata,-25.0996925,-116.631645,,,,Chandigarh Pollution Control Committee,CPCB
233415,"Sector 22, Chandigarh - CPCC",relativehumidity,0.07362147460706983,ppb,2025-03-01T12:03:42+0000,2025-03-01T17:36:52+0530,Asia/Kolkata,-48.762822,20.192197,,,,Chandigarh Pollution Control Committee,CPCB
233415,"Sector 22, Chandigarh - CPCC",no,3.3543335603838873,ppb,2025-03-02T21:02:19+0000,2025-03-03T02:31:19+0530,Asia/Kolkata,-33.775833,87.230452,,,,Chandigarh Pollution Control Committee,CPCB
233415,"Sector 22, Chandigarh - CPCC",no2,23.985270230759184,ppb,2025-03-01T02:19:16+0000,2025-03-01T07:53:07+0530,Asia/Kolkata,12.0422165,93.709386,,,,Chandigarh Pollution Control Committee,CPCB
233415,"Sector 22, Chandigarh - CPCC",o3,191.23317506291505,ppb,2025-02-24T07:35:03+0000,2025-02-24T13:09:27+0530,Asia/Kolkata,-23.711458,-100.198846,,,,Chandigarh Pollution Control Committee,CPCB
233415,"Sector 22, Chandigarh - CPCC",co,6.441281289613894,ppb,2025-02-28T13:53:09+0000,2025-02-28T19:29:00+0530,Asia/Kolkata,-30.630242,167.379789,,,,Chandigarh Pollution Control Committee,CPCB
233415,"Sector 22, Chandigarh - CPCC",so2,80.75028320529844,µg/m³,2025-02-22T00:30:11+0000,2025-02-22T06:01:25+0530,Asia/Kolkata,49.240438,-104.822303,,,,Chandigarh Pollution Control Committee,CPCB
233415,"Sector 22, Chandigarh - CPCC",nox,15.864314425425114,ppb,2025-02-27T07:28:21+0000,2025-02-27T12:58:56+0530,Asia/Kolkata,-19.6781055,-98.870007,,,,Chandigarh Pollution Control Committee,CPCB
233415,"Sector 22, Chandigarh - CPCC",temperature,6.280962500043981,µg/m³,2025-02-25T07:31:41+0000,2025-02-25T12:53:25+0530,Asia/Kolkata,-14.3477855,54.34531,,,,Chandigarh Pollution Control Committee,CPCB
233415,"Sector 22, Chandigarh - CPCC",pm25,101.74706684224479,ppb,2025-02-23T12:18:54+0000,2025-02-23T17:45:04+0530,Asia/Kolkata,-70.74389,99.689051,,,,Chandigarh Pollution Control Committee,CPCB
233415,"Sector 22, Chandigarh - CPCC",no,113.0989707604467,ppb,2025-02-20T06:26:13+0000,2025-02-20T11:58:21+0530,Asia/Kolkata,-47.4187325,-121.958738,,,,Chandigarh Pollution Control Committee,CPCB
233415,"Sector 22, Chandigarh - CPCC",pm10,3.4992307804092992,µg/m³,2025-02-21T12:18:12+0000,2025-02-21T17:46:34+0530,Asia/Kolkata,17.5462,27.748949,,,,Chandigarh Pollution Control Committee,CPCB
233415,"Sector 22, Chandigarh - CPCC",wind_speed,448.16467348237126,m/s,2025-02-23T18:46:17+0000,2025-02-24T00:18:46+0530,Asia/Kolkata,-21.8633525,-171.68395,,,,Chandigarh Pollution Control Committee,CPCB
233415,"Sector 22, Chandigarh - CPCC",pm25,80.60461230112385,ppb,2025-02-22T22:25:01+0000,2025-02-23T03:52:08+0530,Asia/Kolkata,-88.3368195,129.561784,,,,Chandigarh Pollution Control Committee,CPCB
233415,"Sector 22, Chandigarh - CPCC",relativehumidity,20.732483016175326,ppb,2025-02-27T09:30:39+0000,2025-02-27T14:59:01+0530,Asia/Kolkata,-45.8397095,141.205502,,,,Chandigarh Pollution Control Committee,CPCB
233415,"Sector 22, Chandigarh - CPCC",temperature,1.8389448033219102,m/s,2025-02-20T19:22:12+0000,2025-02-21T00:52:22+0530,Asia/Kolkata,43.7115835,-56.212723,,,,Chandigarh Pollution Control Committee,CPCB
233415,"Sector 22, Chandigarh - CPCC",nox,0.051808463600363695,ppb,2025-02-19T01:55:11+0000,2025-02-19T07:24:58+0530,Asia/Kolkata,-60.594456,-46.71864,,,,Chandigarh Pollution Control Committee,CPCB
233415,"Sector 22, Chandigarh - CPCC",so2,4.976236451998331,µg/m³,2025-02-19T10:23:00+0000,2025-02-19T15:53:42+0530,Asia/Kolkata,57.6254715,-178.867767,,,,Chandigarh Pollution Control Committee,CPCB
233415,"Sector 22, Chandigarh - CPCC",no,50.136420866098625,%,2025-02-24T11:10:02+0000,2025-02-24T16:43:44+0530,Asia/Kolkata,-51.327489,-113.453567,,,,Chandigarh Pollution Control Committee,CPCB
233415,"Sector 22, Chandigarh - CPCC",wind_speed,22.230576797948956,c,2025-02-26T12:12:07+0000,2025-02-26T17:43:46+0530,Asia/Kolkata,78.324036,-36.717612,,,,Chandigarh Pollution Control Committee,CPCB
233415,"Sector 22, Chandigarh - CPCC",temperature,68.05886604443815,m/s,2025-02-21T19:50:56+0000,2025-02-22T01:18:23+0530,Asia/Kolkata,-15.6435055,23.519789,,,,Chandigarh Pollution Control Committee,CPCB
233415,"Sector 22, Chandigarh - CPCC",wind_speed,6.907084026544507,m/s,2025-03-03T12:58:48+0000,2025-03-03T18:28:43+0530,Asia/Kolkata,-37.774449,-59.441232,,,,Chandigarh Pollution Control Committee,CPCB
233415,"Sector 22, Chandigarh - CPCC",relativehumidity,161.1342182746106,µg/m³,2025-02-26T14:22:48+0000,2025-02-26T19:54:27+0530,Asia/Kolkata,-24.5693585,-121.719108,,,,Chandigarh Pollution Control Committee,CPCB
233415,"Sector 22, Chandigarh - CPCC",temperature,3.4406587750140525,c,2025-02-26T16:27:39+0000,2025-02-26T21:55:00+0530,Asia/Kolkata,-70.2394715,-9.67073,,,,Chandigarh Pollution Control Committee,CPCB
233415,"Sector 22, Chandigarh - CPCC",wind_direction,38.46497785688587,m/s,2025-02-22T21:36:01+0000,2025-02-23T03:04:46+0530,Asia/Kolkata,-34.6276715,125.386622,,,,Chandigarh Pollution Control Committee,CPCB
233415,"Sector 22, Chandigarh - CPCC",so2,146.3366623672196,m/s,2025-02-28T02:16:08+0000,2025-02-28T07:44:21+0530,Asia/Kolkata,-9.143644,-140.554266,,,,Chandigarh Pollution Control Committee,CPCB
233415,"Sector 22, Chandigarh - CPCC",o3,23.6857181088043,ppb,2025-03-03T00:59:36+0000,2025-03-03T06:29:45+0530,Asia/Kolkata,-1.8155235,41.715629,,,,Chandigarh Pollution Control Committee,CPCB
233415,"Sector 22, Chandigarh - CPCC",wind_speed,5.769706208413975,deg,2025-02-20T08:24:03+0000,2025-02-20T13:55:22+0530,Asia/Kolkata,-38.849443,78.436095,,,,Chandigarh Pollution Control Committee,CPCB
233415,"Sector 22, Chandigarh - CPCC",pm10,82.81095570427594,ppb,2025-02-25T03:33:56+0000,2025-02-25T09:04:52+0530,Asia/Kolkata,17.4848165,124.329856,,,,Chandigarh Pollution Control Committee,CPCB
233415,"Sector 22, Chandigarh - CPCC",co,0.02698712847204156,ppb,2025-03-02T00:04:24+0000,2025-03-02T05:35:29+0530,Asia/Kolkata,-6.3829955,-148.337722,,,,Chandigarh Pollution Control Committee,CPCB
233415,"Sector 22, Chandigarh - CPCC",nox,37.667409873502386,ppb,2025-02-22T02:01:47+0000,2025-02-22T07:34:42+0530,Asia/Kolkata,54.556981,31.196857,,,,Chandigarh Pollution Control Committee,CPCB
233415,"Sector 22, Chandigarh - CPCC",wind_direction,33.233889847496435,%,2025-02-26T23:25:56+0000,2025-02-27T04:50:19+0530,Asia/Kolkata,68.3039605,-179.972944,,,,Chandigarh Pollution Control Committee,CPCB
233415,"Sector 22, Chandigarh - CPCC",pm10,1.1636540533848285,%,2025-02-20T01:14:49+0000,2025-02-20T06:42:55+0530,Asia/Kolkata,88.782158,82.835592,,,,Chandigarh Pollution Control Committee,CPCB
233415,"Sector 22, Chandigarh - CPCC",no,52.20378768752473,µg/m³,2025-02-20T20:58:17+0000,2025-02-21T02:27:15+0530,Asia/Kolkata,-58.3840595,-112.558465,,,,Chandigarh Pollution Control Committee,CPCB
233415,"Sector 22, Chandigarh - CPCC",nox,4.893572891157897,ppb,2025-03-01T05:51:38+0000,2025-03-01T11:20:06+0530,Asia/Kolkata,-69.4090005,29.997193,,,,Chandigarh Pollution Control Committee,CPCB
233415,"Sector 22, Chandigarh - CPCC",o3,10.71052166227283,ppb,2025-02-19T08:27:41+0000,2025-02-19T13:57:36+0530,Asia/Kolkata,19.2939835,74.993891,,,,Chandigarh Pollution Control Committee,CPCB
233415,"Sector 22, Chandigarh - CPCC",no2,70.12388217807978,µg/m³,2025-03-01T19:09:39+0000,2025-03-02T00:40:44+0530,Asia/Kolkata,47.7730785,-31.624918,,,,Chandigarh Pollution Control Committee,CPCB
233415,"Sector 22, Chandigarh - CPCC",nox,32.62251707180678,µg/m³,2025-02-24T07:25:43+0000,2025-02-24T12:57:05+0530,Asia/Kolkata,-33.2680535,175.98378,,,,Chandigarh Pollution Control Committee,CPCB
233415,"Sector 22, Chandigarh - CPCC",pm25,156.48483354593418,%,2025-02-19T12:45:51+0000,2025-02-19T18:16:33+0530,Asia/Kolkata,-11.3759755,-106.685631,,,,Chandigarh Pollution Control Committee,CPCB
233415,"Sector 22, Chandigarh - CPCC",nox,0.02009343883531116,ppb,2025-02-19T06:16:05+0000,2025-02-19T11:44:29+0530,Asia/Kolkata,1.3038305,-171.733549,,,,Chandigarh Pollution Control Committee,CPCB
233415,"Sector 22, Chandigarh - CPCC",no,2.1658225670548097,ppb,2025-03-01T18:01:34+0000,2025-03-01T23:32:21+0530,Asia/Kolkata,-35.03062,90.932634,,,,Chandigarh Pollution Control Committee,CPCB
233415,"Sector 22, Chandigarh - CPCC",pm25,112.14188851702048,c,2025-02-19T03:48:46+0000,2025-02-19T09:18:22+0530,Asia/Kolkata,14.328985,-79.622467,,,,Chandigarh Pollution Control Committee,CPCB
233415,"Sector 22, Chandigarh - CPCC",no,1.0249489232674183,ppb,2025-02-28T19:27:21+0000,2025-03-01T00:57:04+0530,Asia/Kolkata,-54.694229,46.666173,,,,Chandigarh Pollution Control Committee,CPCB
233415,"Sector 22, Chandigarh - CPCC",co,20.56018532556679,ppb,2025-02-22T07:56:53+0000,2025-02-22T13:28:02+0530,Asia/Kolkata,6.513964,-157.120275,,,,Chandigarh Pollution Control Committee,CPCB
233415,"Sector 22, Chandigarh - CPCC",o3,104.87337231315604,%,2025-02-20T11:28:15+0000,2025-02-20T16:56:16+0530,Asia/Kolkata,48.2714485,-84.851355,,,,Chandigarh Pollution Control Committee,CPCB
233415,"Sector 22, Chandigarh - CPCC",pm10,14.620782775807644,µg/m³,2025-02-19T15:35:56+0000,2025-02-19T21:06:25+0530,Asia/Kolkata,-56.828448,-96.052066,,,,Chandigarh Pollution Control Committee,CPCB
233415,"Sector 22, Chandigarh - CPCC",so2,159.22890700512863,µg/m³,2025-02-20T15:39:40+0000,2025-02-20T21:08:16+0530,Asia/Kolkata,-52.325708,142.636363,,,,Chandigarh Pollution Control Committee,CPCB
233415,"Sector 22, Chandigarh - CPCC",no,5.113940523509984,ppb,2025-02-27T17:11:16+0000,2025-02-27T22:44:09+0530,Asia/Kolkata,33.2942595,57.742492,,,,Chandigarh Pollution Control Committee,CPCB
233415,"Sector 22, Chandigarh - CPCC",nox,154.12862377494096,ppb,2025-03-02T23:48:22+0000,2025-03-03T05:19:57+0530,Asia/Kolkata,72.959371,-34.475954,,,,Chandigarh Pollution Control Committee,CPCB
233415,"Sector 22, Chandigarh - CPCC",no,77.3724639388871,µg/m³,2025-03-01T10:24:50+0000,2025-03-01T15:59:43+0530,Asia/Kolkata,-6.0863,-39.271555,,,,Chandigarh Pollution Control Committee,CPCB
233415,"Sector 22, Chandigarh - CPCC",pm25,79.80136472501691,deg,2025-03-02T10:17:15+0000,2025-03-02T15:46:19+0530,Asia/Kolkata,49.3819235,173.900855,,,,Chandigarh Pollution Control Committee,CPCB
233415,"Sector 22, Chandigarh - CPCC",pm10,18.94287504995964,ppb,2025-02-28T19:37:08+0000,2025-03-01T01:05:28+0530,Asia/Kolkata,-70.2160605,-70.144867,,,,Chandigarh Pollution Control Committee,CPCB
233415,"Sector 22, Chandigarh - CPCC",no2,83.95233833481093,µg/m³,2025-02-20T20:48:50+0000,2025-02-21T02:18:43+0530,Asia/Kolkata,-69.313602,173.926846,,,,Chandigarh Pollution Control Committee,CPCB
233415,"Sector 22, Chandigarh - CPCC",nox,4.566955675896436,%,2025-03-01T15:04:13+0000,2025-03-01T20:35:27+0530,Asia/Kolkata,7.030892,-8.080393,,,,Chandigarh Pollution Control Committee,CPCB
233415,"Sector 22, Chandigarh - CPCC",co,0.038559196091357495,ppb,2025-02-26T03:41:44+0000,2025-02-26T09:08:25+0530,Asia/Kolkata,-20.1139015,-2.742786,,,,Chandigarh Pollution Control Committee,CPCB
233415,"Sector 22, Chandigarh - CPCC",wind_speed,12.137223676217111,m/s,2025-02-18T22:07:56+0000,2025-02-19T03:37:37+0530,Asia/Kolkata,-46.013379,64.95043,,,,Chandigarh Pollution Control Committee,CPCB
233415,"Sector 22, Chandigarh - CPCC",no2,32.55462385800764,ppb,2025-02-28T09:43:00+0000,2025-02-28T15:10:09+0530,Asia/Kolkata,23.924348,124.343791,,,,Chandigarh Pollution Control Committee,CPCB
233415,"Sector 22, Chandigarh - CPCC",temperature,26.081741048516715,µg/m³,2025-02-22T23:36:06+0000,2025-02-23T05:07:40+0530,Asia/Kolkata,-1.906651,63.580559,,,,Chandigarh Pollution Control Committee,CPCB
233415,"Sector 22, Chandigarh - CPCC",wind_direction,15.241516732314881,c,2025-03-02T16:43:20+0000,2025-03-02T22:14:08+0530,Asia/Kolkata,-0.9021465,-156.617897,,,,Chandigarh Pollution Control Committee,CPCB
233415,"Sector 22, Chandigarh - CPCC",so2,72.32133532298663,µg/m³,2025-02-25T20:09:05+0000,2025-02-26T01:37:32+0530,Asia/Kolkata,13.713157,-163.496386,,,,Chandigarh Pollution Control Committee,CPCB
233415,"Sector 22, Chandigarh - CPCC",no,40.84858323618145,µg/m³,2025-02-21T07:58:44+0000,2025-02-21T13:29:21+0530,Asia/Kolkata,81.5336435,99.393951,,,,Chandigarh Pollution Control Committee,CPCB
233415,"Sector 22, Chandigarh - CPCC",nox,0.28887955210171434,ppb,2025-02-27T18:28:13+0000,2025-02-27T23:58:20+0530,Asia/Kolkata,78.974145,-31.568492,,,,Chandigarh Pollution Control Committee,CPCB
233415,"Sector 22, Chandigarh - CPCC",o3,2.0043808279253392,µg/m³,2025-02-28T16:12:09+0000,2025-02-28T21:45:42+0530,Asia/Kolkata,15.115361,134.89701,,,,Chandigarh Pollution Control Committee,CPCB
233415,"Sector 22, Chandigarh - CPCC",wind_speed,12.554249342623777,m/s,2025-02-20T12:48:51+0000,2025-02-20T18:17:32+0530,Asia/Kolkata,34.5180255,-88.957877,,,,Chandigarh Pollution Control Committee,CPCB
233415,"Sector 22, Chandigarh - CPCC",wind_speed,412.3147313712515,m/s,2025-03-01T11:21:11+0000,2025-03-01T16:51:46+0530,Asia/Kolkata,39.0711055,156.105719,,,,Chandigarh Pollution Control Committee,CPCB
233415,"Sector 22, Chandigarh - CPCC",wind_direction,44.216380404754204,deg,2025-02-22T14:41:11+0000,2025-02-22T20:08:24+0530,Asia/Kolkata,-60.7828075,-18.441891,,,,Chandigarh Pollution Control Committee,CPCB
233415,"Sector 22, Chandigarh - CPCC",o3,0.7226590655918577,%,2025-03-02T10:29:07+0000,2025-03-02T15:57:10+0530,Asia/Kolkata,19.738819,-86.341822,,,,Chandigarh Pollution Control Committee,CPCB
233415,"Sector 22, Chandigarh - CPCC",nox,0.9372962824782092,ppb,2025-02-25T01:27:29+0000,2025-02-25T06:54:00+0530,Asia/Kolkata,86.208079,26.490641,,,,Chandigarh Pollution Control Committee,CPCB
233415,"Sector 22, Chandigarh - CPCC",temperature,10.829110345904773,µg/m³,2025-02-28T11:15:47+0000,2025-02-28T16:41:04+0530,Asia/Kolkata,72.2431105,-110.677609,,,,Chandigarh Pollution Control Committee,CPCB
233415,"Sector 22, Chandigarh - CPCC",wind_speed,161.27288876669382,m/s,2025-02-20T11:35:00+0000,2025-02-20T17:04:32+0530,Asia/Kolkata,-45.2767515,-5.751956,,,,Chandigarh Pollution Control Committee,CPCB
233415,"Sector 22, Chandigarh - CPCC",temperature,0.12791222215086295,deg,2025-03-03T05:35:45+0000,2025-03-03T11:06:25+0530,Asia/Kolkata,9.244197,102.323154,,,,Chandigarh Pollution Control Committee,CPCB
233415,"Sector 22, Chandigarh - CPCC",so2,119.24563916698978,c,2025-02-18T21:42:24+0000,2025-02-19T03:12:33+0530,Asia/Kolkata,-57.5005725,-3.560946,,,,Chandigarh Pollution Control Committee,CPCB
233415,"Sector 22, Chandigarh - CPCC",o3,11.261592283926868,ppb,2025-02-25T06:39:55+0000,2025-02-25T12:06:26+0530,Asia/Kolkata,69.5244585,179.258821,,,,Chandigarh Pollution Control Committee,CPCB
233415,"Sector 22, Chandigarh - CPCC",wind_speed,1.8587306940000323,m/s,2025-03-02T22:28:05+0000,2025-03-03T03:58:41+0530,Asia/Kolkata,-8.653552,162.419757,,,,Chandigarh Pollution Control Committee,CPCB
233415,"Sector 22, Chandigarh - CPCC",nox,28.8201449707538,ppb,2025-02-28T06:54:00+0000,2025-02-28T12:25:50+0530,Asia/Kolkata,3.458981,-25.096696,,,,Chandigarh Pollution Control Committee,CPCB
233415,"Sector 22, Chandigarh - CPCC",pm25,13.145740385862775,µg/m³,2025-02-27T20:19:07+0000,2025-02-28T01:45:33+0530,Asia/Kolkata,-20.535762,-145.258206,,,,Chandigarh Pollution Control Committee,CPCB
233415,"Sector 22, Chandigarh - CPCC",pm10,5.861726825505791,µg/m³,2025-02-27T06:31:00+0000,2025-02-27T11:53:38+0530,Asia/Kolkata,-33.377355,-167.720894,,,,Chandigarh Pollution Control Committee,CPCB
233415,"Sector 22, Chandigarh - CPCC",no2,19.584010191653082,ppb,2025-02-18T22:10:41+0000,2025-02-19T03:40:40+0530,Asia/Kolkata,35.6614935,62.516559,,,,Chandigarh Pollution Control Committee,CPCB
233415,"Sector 22, Chandigarh - CPCC",relativehumidity,17.315340175916567,%,2025-02-24T22:08:23+0000,2025-02-25T03:42:19+0530,Asia/Kolkata,81.682595,-28.933683,,,,Chandigarh Pollution Control Committee,CPCB
233415,"Sector 22, Chandigarh - CPCC",nox,0.05535520727021992,ppb,2025-02-20T03:48:41+0000,2025-02-20T09:20:44+0530,Asia/Kolkata,-39.23106,-6.280132,,,,Chandigarh Pollution Control Committee,CPCB
233415,"Sector 22, Chandigarh - CPCC",co,0.0015421441382009523,ppb,2025-02-28T12:32:46+0000,2025-02-28T18:01:53+0530,Asia/Kolkata,-11.903747,69.899018,,,,Chandigarh Pollution Control Committee,CPCB
233415,"Sector 22, Chandigarh - CPCC",o3,13.161956199239933,ppb,2025-02-20T04:28:18+0000,2025-02-20T09:59:42+0530,Asia/Kolkata,85.5904145,-61.931146,,,,Chandigarh Pollution Control Committee,CPCB
233415,"Sector 22, Chandigarh - CPCC",wind_speed,119.95926653482562,m/s,2025-03-02T20:10:53+0000,2025-03-03T01:38:24+0530,Asia/Kolkata,-48.823423,-19.586341,,,,Chandigarh Pollution Control Committee,CPCB
233415,"Sector 22, Chandigarh - CPCC",wind_direction,3.7558961818620435,µg/m³,2025-02-28T04:02:19+0000,2025-02-28T09:29:11+0530,Asia/Kolkata,51.230857,-14.76762,,,,Chandigarh Pollution Control Committee,CPCB
233415,"Sector 22, Chandigarh - CPCC",wind_speed,160.11794983003236,c,2025-02-27T05:39:55+0000,2025-02-27T11:08:11+0530,Asia/Kolkata,67.9122945,22.041581,,,,Chandigarh Pollution Control Committee,CPCB
233415,"Sector 22, Chandigarh - CPCC",pm25,72.44707593339255,ppb,2025-02-22T08:00:15+0000,2025-02-22T13:27:47+0530,Asia/Kolkata,-82.042275,163.273827,,,,Chandigarh Pollution Control Committee,CPCB
233415,"Sector 22, Chandigarh - CPCC",pm10,2.710775775482942,µg/m³,2025-02-19T12:35:21+0000,2025-02-19T18:03:34+0530,Asia/Kolkata,46.5710285,98.285679,,,,Chandigarh Pollution Control Committee,CPCB
233415,"Sector 22, Chandigarh - CPCC",nox,34.124971448729525,ppb,2025-02-27T16:58:22+0000,2025-02-27T22:29:42+0530,Asia/Kolkata,-26.456582,-178.050856,,,,Chandigarh Pollution Control Committee,CPCB
233415,"Sector 22, Chandigarh - CPCC",co,1.0943588056873508,ppb,2025-02-21T23:03:31+0000,2025-02-22T04:31:26+0530,Asia/Kolkata,32.7183395,-107.272754,,,,Chandigarh Pollution Control Committee,CPCB
233415,"Sector 22, Chandigarh - CPCC",nox,14.789561203882753,ppb,2025-02-20T00:21:08+0000,2025-02-20T05:51:16+0530,Asia/Kolkata,19.601406,-121.387991,,,,Chandigarh Pollution Control Committee,CPCB
233415,"Sector 22, Chandigarh - CPCC",o3,15.501957370533843,ppb,2025-02-18T23:29:52+0000,2025-02-19T04:59:16+0530,Asia/Kolkata,2.105431,117.471266,,,,Chandigarh Pollution Control Committee,CPCB
233415,"Sector 22, Chandigarh - CPCC",wind_speed,18.176841668889843,m/s,2025-02-28T19:57:49+0000,2025-03-01T01:25:43+0530,Asia/Kolkata,83.6558495,119.379157,,,,Chandigarh Pollution Control Committee,CPCB
233415,"Sector 22, Chandigarh - CPCC",nox,191.45813543827683,ppb,2025-02-22T12:29:18+0000,2025-02-22T18:00:34+0530,Asia/Kolkata,8.504087,-159.708414,,,,Chandigarh Pollution Control Committee,CPCB
233415,"Sector 22, Chandigarh - CPCC",no2,12.956935986260257,%,2025-02-23T16:18:36+0000,2025-02-23T21:48:32+0530,Asia/Kolkata,19.2353045,169.144624,,,,Chandigarh Pollution Control Committee,CPCB
233415,"Sector 22, Chandigarh - CPCC",temperature,0.18035731036819025,m/s,2025-02-19T06:18:32+0000,2025-02-19T11:48:57+0530,Asia/Kolkata,-74.2221775,-75.868357,,,,Chandigarh Pollution Control Committee,CPCB
233415,"Sector 22, Chandigarh - CPCC",so2,1.0228143997223005,µg/m³,2025-02-27T02:18:12+0000,2025-02-27T07:50:45+0530,Asia/Kolkata,62.5226965,-176.053001,,,,Chandigarh Pollution Control Committee,CPCB
233415,"Sector 22, Chandigarh - CPCC",relativehumidity,25.429691864329147,µg/m³,2025-02-22T23:24:30+0000,2025-02-23T04:58:04+0530,Asia/Kolkata,-13.319479,157.17759,,,,Chandigarh Pollution Control Committee,CPCB
233415,"Sector 22, Chandigarh - CPCC",no2,14.45777931500916,µg/m³,2025-02-20T20:18:20+0000,2025-02-21T01:47:51+0530,Asia/Kolkata,-61.22663,15.927484,,,,Chandigarh Pollution Control Committee,CPCB
233415,"Sector 22, Chandigarh - CPCC",pm25,30.00070853742304,µg/m³,2025-02-22T01:28:18+0000,2025-02-22T06:57:36+0530,Asia/Kolkata,76.184819,116.696099,,,,Chandigarh Pollution Control Committee,CPCB
233415,"Sector 22, Chandigarh - CPCC",pm25,1.055981461859123,ppb,2025-02-26T18:37:57+0000,2025-02-27T00:14:51+0530,Asia/Kolkata,-72.2339065,168.495603,,,,Chandigarh Pollution Control Committee,CPCB
233415,"Sector 22, Chandigarh - CPCC",relativehumidity,0.0001637278490730025,m/s,2025-02-19T21:42:22+0000,2025-02-20T03:14:23+0530,Asia/Kolkata,25.6254805,-36.301915,,,,Chandigarh Pollution Control Committee,CPCB
233415,"Sector 22, Chandigarh - CPCC",relativehumidity,22.132125406128807,ppb,2025-02-21T17:16:07+0000,2025-02-21T22:46:32+0530,Asia/Kolkata,-62.3369315,1.60955,,,,Chandigarh Pollution Control Committee,CPCB
233415,"Sector 22, Chandigarh - CPCC",so2,153.2089797010444,deg,2025-02-20T05:44:01+0000,2025-02-20T11:09:43+0530,Asia/Kolkata,71.3701235,9.702093,,,,Chandigarh Pollution Control Committee,CPCB
233415,"Sector 22, Chandigarh - CPCC",wind_direction,18.53116823635859,m/s,2025-02-24T13:50:48+0000,2025-02-24T19:21:37+0530,Asia/Kolkata,-58.4308395,-27.550591,,,,Chandigarh Pollution Control Committee,CPCB
233415,"Sector 22, Chandigarh - CPCC",co,2.131375439649379,µg/m³,2025-02-21T12:10:22+0000,2025-02-21T17:42:11+0530,Asia/Kolkata,-1.495832,-148.951805,,,,Chandigarh Pollution Control Committee,CPCB
233415,"Sector 22, Chandigarh - CPCC",o3,0.20948147528634783,ppb,2025-02-20T19:45:47+0000,2025-02-21T01:18:33+0530,Asia/Kolkata,-23.579554,-72.578768,,,,Chandigarh Pollution Control Committee,CPCB
233415,"Sector 22, Chandigarh - CPCC",co,95.00406823203605,ppb,2025-02-20T21:07:19+0000,2025-02-21T02:40:26+0530,Asia/Kolkata,44.0755865,172.899198,,,,Chandigarh Pollution Control Committee,CPCB
233415,"Sector 22, Chandigarh - CPCC",o3,0.1383527311251963,ppb,2025-02-24T07:17:08+0000,2025-02-24T12:47:50+0530,Asia/Kolkata,-79.2079715,-119.164975,,,,Chandigarh Pollution Control Committee,CPCB
233415,"Sector 22, Chandigarh - CPCC",wind_speed,11.776283081665257,%,2025-02-24T04:48:31+0000,2025-02-24T10:24:40+0530,Asia/Kolkata,64.0807615,-29.943426,,,,Chandigarh Pollution Control Committee,CPCB
233415,"Sector 22, Chandigarh - CPCC",no2,6.043366661485946,ppb,2025-02-26T17:39:49+0000,2025-02-26T23:02:14+0530,Asia/Kolkata,-62.7050195,75.46103,,,,Chandigarh Pollution Control Committee,CPCB
233415,"Sector 22, Chandigarh - CPCC",o3,1.512288186611592,ppb,2025-02-20T23:37:29+0000,2025-02-21T05:09:57+0530,Asia/Kolkata,-53.840857,55.054148,,,,Chandigarh Pollution Control Committee,CPCB
233415,"Sector 22, Chandigarh - CPCC",no,99.68621352944399,deg,2025-02-21T16:18:30+0000,2025-02-21T21:45:48+0530,Asia/Kolkata,35.2290015,102.983133,,,,Chandigarh Pollution Control Committee,CPCB
233415,"Sector 22, Chandigarh - CPCC",co,0.38345412724324174,ppb,2025-02-26T14:57:36+0000,2025-02-26T20:31:21+0530,Asia/Kolkata,68.5581565,-13.028783,,,,Chandigarh Pollution Control Committee,CPCB
233415,"Sector 22, Chandigarh - CPCC",nox,6.987849567308239,ppb,2025-02-19T04:28:07+0000,2025-02-19T09:57:51+0530,Asia/Kolkata,-15.299317,-165.562485,,,,Chandigarh Pollution Control Committee,CPCB
233415,"Sector 22, Chandigarh - CPCC",co,1.0313036832962497,ppb,2025-02-19T18:05:55+0000,2025-02-19T23:36:35+0530,Asia/Kolkata,61.847876,22.53412,,,,Chandigarh Pollution Control Committee,CPCB
233415,"Sector 22, Chandigarh - CPCC",relativehumidity,173.34684891428182,c,2025-03-01T17:16:59+0000,2025-03-01T22:43:27+0530,Asia/Kolkata,-8.733276,161.3148,,,,Chandigarh Pollution Control Committee,CPCB
233415,"Sector 22, Chandigarh - CPCC",nox,36.790007101459196,ppb,2025-02-19T08:44:59+0000,2025-02-19T14:16:01+0530,Asia/Kolkata,-54.528313,-86.773969,,,,Chandigarh Pollution Control Committee,CPCB
233415,"Sector 22, Chandigarh - CPCC",so2,101.2748438657062,m/s,2025-03-02T05:19:19+0000,2025-03-02T10:47:21+0530,Asia/Kolkata,15.1776455,-66.836823,,,,Chandigarh Pollution Control Committee,CPCB
233415,"Sector 22, Chandigarh - CPCC",co,0.000468812964116029,ppb,2025-03-02T06:18:19+0000,2025-03-02T11:46:36+0530,Asia/Kolkata,-25.52346,64.235872,,,,Chandigarh Pollution Control Committee,CPCB
233415,"Sector 22, Chandigarh - CPCC",no,30.75259218135396,ppb,2025-02-21T14:38:07+0000,2025-02-21T20:06:02+0530,Asia/Kolkata,53.693632,-59.7471,,,,Chandigarh Pollution Control Committee,CPCB
233415,"Sector 22, Chandigarh - CPCC",wind_direction,237.19648021269117,deg,2025-02-22T19:04:47+0000,2025-02-23T00:32:10+0530,Asia/Kolkata,-16.7737025,-73.216142,,,,Chandigarh Pollution Control Committee,CPCB
233415,"Sector 22, Chandigarh - CPCC",wind_speed,155.170409509106,deg,2025-02-23T06:06:29+0000,2025-02-23T11:32:44+0530,Asia/Kolkata,20.1710035,19.341578,,,,Chandigarh Pollution Control Committee,CPCB
233415,"Sector 22, Chandigarh - CPCC",pm10,24.837147243971312,µg/m³,2025-02-23T14:19:09+0000,2025-02-23T19:48:37+0530,Asia/Kolkata,-2.4108375,60.045826,,,,Chandigarh Pollution Control Committee,CPCB
233415,"Sector 22, Chandigarh - CPCC",relativehumidity,0.03898800668840973,µg/m³,2025-03-03T11:29:07+0000,2025-03-03T16:58:20+0530,Asia/Kolkata,-47.4287545,-166.438938,,,,Chandigarh Pollution Control Committee,CPCB
233415,"Sector 22, Chandigarh - CPCC",pm10,59.239075670891125,%,2025-02-22T15:39:59+0000,2025-02-22T21:09:47+0530,Asia/Kolkata,72.52347,132.925992,,,,Chandigarh Pollution Control Committee,CPCB
233415,"Sector 22, Chandigarh - CPCC",pm25,6.114609020770873,%,2025-02-27T03:20:17+0000,2025-02-27T08:44:29+0530,Asia/Kolkata,-57.312791,-112.65548,,,,Chandigarh Pollution Control Committee,CPCB
233415,"Sector 22, Chandigarh - CPCC",so2,219.72819336947825,µg/m³,2025-02-28T20:44:34+0000,2025-03-01T02:13:31+0530,Asia/Kolkata,69.0675905,-153.483831,,,,Chandigarh Pollution Control Committee,CPCB
233415,"Sector 22, Chandigarh - CPCC",pm10,19.820630742665813,µg/m³,2025-02-28T07:33:29+0000,2025-02-28T12:55:42+0530,Asia/Kolkata,-60.4078365,-55.164446,,,,Chandigarh Pollution Control Committee,CPCB
233415,"Sector 22, Chandigarh - CPCC",pm10,0.23803737818020307,ppb,2025-02-19T10:45:56+0000,2025-02-19T16:16:12+0530,Asia/Kolkata,21.774858,179.928371,,,,Chandigarh Pollution Control Committee,CPCB
233415,"Sector 22, Chandigarh - CPCC",wind_direction,74.66347483640968,µg/m³,2025-02-26T10:29:58+0000,2025-02-26T16:06:28+0530,Asia/Kolkata,73.5215225,15.366169,,,,Chandigarh Pollution Control Committee,CPCB
233415,"Sector 22, Chandigarh - CPCC",no2,11.821172746076993,ppb,2025-02-21T20:22:18+0000,2025-02-22T01:51:55+0530,Asia/Kolkata,25.0973445,3.115819,,,,Chandigarh Pollution Control Committee,CPCB
233415,"Sector 22, Chandigarh - CPCC",wind_direction,14.439972940105015,m/s,2025-03-03T17:00:00+0000,2025-03-03T22:30:00+0530,Asia/Kolkata,-52.656785,-109.216042,,,,Chandigarh Pollution Control Committee,CPCB
233415,"Sector 22, Chandigarh - CPCC",o3,25.465271717712348,µg/m³,2025-02-19T09:46:14+0000,2025-02-19T15:15:27+0530,Asia/Kolkata,43.8605,-146.628346,,,,Chandigarh Pollution Control Committee,CPCB
233415,"Sector 22, Chandigarh - CPCC",nox,12.094838363018853,%,2025-02-22T10:22:07+0000,2025-02-22T15:51:31+0530,Asia/Kolkata,77.046587,-76.902276,,,,Chandigarh Pollution Control Committee,CPCB
233415,"Sector 22, Chandigarh - CPCC",co,11.51165877112978,ppb,2025-03-02T08:32:31+0000,2025-03-02T14:00:10+0530,Asia/Kolkata,34.884517,-133.579039,,,,Chandigarh Pollution Control Committee,CPCB
233415,"Sector 22, Chandigarh - CPCC",wind_speed,43.10520540876418,c,2025-02-23T10:54:46+0000,2025-02-23T16:22:54+0530,Asia/Kolkata,-2.090037,-80.910047,,,,Chandigarh Pollution Control Committee,CPCB
233415,"Sector 22, Chandigarh - CPCC",nox,125.13216056349573,ppb,2025-02-23T19:21:37+0000,2025-02-24T00:55:13+0530,Asia/Kolkata,18.163757,110.123039,,,,Chandigarh Pollution Control Committee,CPCB
233415,"Sector 22, Chandigarh - CPCC",so2,187.54243408908317,deg,2025-02-25T03:30:10+0000,2025-02-25T09:04:34+0530,Asia/Kolkata,7.6974805,-57.874021,,,,Chandigarh Pollution Control Committee,CPCB
233415,"Sector 22, Chandigarh - CPCC",no2,0.0001247563141290774,ppb,2025-03-01T21:18:45+0000,2025-03-02T02:47:10+0530,Asia/Kolkata,58.698973,4.592776,,,,Chandigarh Pollution Control Committee,CPCB
233415,"Sector 22, Chandigarh - CPCC",no,2.111325441827037,ppb,2025-02-26T12:39:46+0000,2025-02-26T18:06:59+0530,Asia/Kolkata,-35.32524,-150.912143,,,,Chandigarh Pollution Control Committee,CPCB
233415,"Sector 22, Chandigarh - CPCC",relativehumidity,0.7696019077774261,µg/m³,2025-02-23T03:33:33+0000,2025-02-23T08:59:33+0530,Asia/Kolkata,48.606052,-131.119585,,,,Chandigarh Pollution Control Committee,CPCB
233415,"Sector 22, Chandigarh - CPCC",co,0.4797739153641007,ppb,2025-02-28T21:47:45+0000,2025-03-01T03:21:06+0530,Asia/Kolkata,-18.6845925,178.44202,,,,Chandigarh Pollution Control Committee,CPCB
233415,"Sector 22, Chandigarh - CPCC",no2,1.0096323878474645,ppb,2025-02-28T05:05:34+0000,2025-02-28T10:40:10+0530,Asia/Kolkata,4.48206,145.745916,,,,Chandigarh Pollution Control Committee,CPCB
233415,"Sector 22, Chandigarh - CPCC",pm25,32.13197082328284,µg/m³,2025-02-28T11:17:59+0000,2025-02-28T16:47:39+0530,Asia/Kolkata,35.2326295,127.859674,,,,Chandigarh Pollution Control Committee,CPCB
233415,"Sector 22, Chandigarh - CPCC",no2,27.113159936346637,ppb,2025-02-27T17:28:06+0000,2025-02-27T22:56:52+0530,Asia/Kolkata,-42.7249405,-34.888567,,,,Chandigarh Pollution Control Committee,CPCB
233415,"Sector 22, Chandigarh - CPCC",temperature,0.37216502302601495,µg/m³,2025-02-20T12:50:30+0000,2025-02-20T18:20:04+0530,Asia/Kolkata,-21.8593885,-42.723481,,,,Chandigarh Pollution Control Committee,CPCB
233415,"Sector 22, Chandigarh - CPCC",pm25,44.00125476749431,c,2025-03-03T08:23:13+0000,2025-03-03T13:52:56+0530,Asia/Kolkata,16.797399,131.881621,,,,Chandigarh Pollution Control Committee,CPCB
233415,"Sector 22, Chandigarh - CPCC",pm10,4.829988304698839,c,2025-02-24T11:18:29+0000,2025-02-24T16:49:27+0530,Asia/Kolkata,-16.060661,39.019466,,,,Chandigarh Pollution Control Committee,CPCB
233415,"Sector 22, Chandigarh - CPCC",so2,25.03353428477606,ppb,2025-02-21T19:46:01+0000,2025-02-22T01:15:08+0530,Asia/Kolkata,24.8411815,-7.686876,,,,Chandigarh Pollution Control Committee,CPCB
233415,"Sector 22, Chandigarh - CPCC",o3,1.0104705874802011,µg/m³,2025-02-25T17:34:45+0000,2025-02-25T23:09:21+0530,Asia/Kolkata,-57.1540395,-2.586468,,,,Chandigarh Pollution Control Committee,CPCB
233415,"Sector 22, Chandigarh - CPCC",temperature,0.1783928817874914,%,2025-02-22T15:59:43+0000,2025-02-22T21:29:11+0530,Asia/Kolkata,-15.4259945,-94.334329,,,,Chandigarh Pollution Control Committee,CPCB
233415,"Sector 22, Chandigarh - CPCC",wind_direction,15.032697680178734,m/s,2025-02-26T11:39:09+0000,2025-02-26T17:09:46+0530,Asia/Kolkata,-87.6977975,150.113033,,,,Chandigarh Pollution Control Committee,CPCB
233415,"Sector 22, Chandigarh - CPCC",so2,89.56094654498935,µg/m³,2025-02-19T01:18:57+0000,2025-02-19T06:48:35+0530,Asia/Kolkata,66.0465285,-20.652512,,,,Chandigarh Pollution Control Committee,CPCB
233415,"Sector 22, Chandigarh - CPCC",nox,8.954998585167376,ppb,2025-03-03T04:04:21+0000,2025-03-03T09:34:09+0530,Asia/Kolkata,27.2791595,128.016268,,,,Chandigarh Pollution Control Committee,CPCB
233415,"Sector 22, Chandigarh - CPCC",nox,3.5689233828846016,µg/m³,2025-02-26T12:47:00+0000,2025-02-26T18:11:19+0530,Asia/Kolkata,-57.921513,135.228564,,,,Chandigarh Pollution Control Committee,CPCB
233415,"Sector 22, Chandigarh - CPCC",so2,3.0761987062818212,µg/m³,2025-02-28T12:07:23+0000,2025-02-28T17:35:55+0530,Asia/Kolkata,79.2960975,-21.821883,,,,Chandigarh Pollution Control Committee,CPCB
233415,"Sector 22, Chandigarh - CPCC",pm10,1.5035281549947823,ppb,2025-02-26T23:55:39+0000,2025-02-27T05:23:16+0530,Asia/Kolkata,46.259972,-42.374879,,,,Chandigarh Pollution Control Committee,CPCB
233415,"Sector 22, Chandigarh - CPCC",temperature,168.4405871045029,c,2025-02-19T00:35:59+0000,2025-02-19T06:05:56+0530,Asia/Kolkata,-66.751185,61.839347,,,,Chandigarh Pollution Control Committee,CPCB
233415,"Sector 22, Chandigarh - CPCC",wind_direction,65.0526895976071,%,2025-02-23T18:51:50+0000,2025-02-24T00:24:42+0530,Asia/Kolkata,-69.7805645,121.361366,,,,Chandigarh Pollution Control Committee,CPCB
233415,"Sector 22, Chandigarh - CPCC",no,250.43668093001318,ppb,2025-02-20T09:39:25+0000,2025-02-20T15:06:08+0530,Asia/Kolkata,35.137916,78.651528,,,,Chandigarh Pollution Control Committee,CPCB
233415,"Sector 22, Chandigarh - CPCC",pm25,0.018500365880158187,ppb,2025-03-01T00:51:43+0000,2025-03-01T06:23:07+0530,Asia/Kolkata,9.9998485,38.440627,,,,Chandigarh Pollution Control Committee,CPCB
233415,"Sector 22, Chandigarh - CPCC",o3,31.36363571396177,ppb,2025-03-03T17:00:00+0000,2025-03-03T22:30:00+0530,Asia/Kolkata,-12.7067035,-74.448911,,,,Chandigarh Pollution Control Committee,CPCB
233415,"Sector 22, Chandigarh - CPCC",wind_speed,3.6327810676758676,c,2025-03-02T12:17:00+0000,2025-03-02T17:48:15+0530,Asia/Kolkata,39.294043,-120.879767,,,,Chandigarh Pollution Control Committee,CPCB
233415,"Sector 22, Chandigarh - CPCC",wind_speed,119.50109323734209,m/s,2025-03-01T06:36:47+0000,2025-03-01T12:10:56+0530,Asia/Kolkata,30.5702985,-0.973875,,,,Chandigarh Pollution Control Committee,CPCB
233415,"Sector 22, Chandigarh - CPCC",co,68.96389970749848,ppb,2025-02-28T07:11:16+0000,2025-02-28T12:40:05+0530,Asia/Kolkata,-10.6055125,-154.808004,,,,Chandigarh Pollution Control Committee,CPCB
233415,"Sector 22, Chandigarh - CPCC",wind_direction,5.018075112877497,deg,2025-02-19T16:52:51+0000,2025-02-19T22:23:30+0530,Asia/Kolkata,68.107127,-160.300857,,,,Chandigarh Pollution Control Committee,CPCB
233415,"Sector 22, Chandigarh - CPCC",o3,67.17606725920966,µg/m³,2025-03-03T17:00:00+0000,2025-03-03T22:30:00+0530,Asia/Kolkata,80.2140915,32.0059,,,,Chandigarh Pollution Control Committee,CPCB
233415,"Sector 22, Chandigarh - CPCC",co,75.41588878620163,ppb,2025-02-27T21:11:06+0000,2025-02-28T02:45:32+0530,Asia/Kolkata,74.472814,128.080991,,,,Chandigarh Pollution Control Committee,CPCB
233415,"Sector 22, Chandigarh - CPCC",o3,0.7891642339858914,ppb,2025-03-01T07:45:49+0000,2025-03-01T13:15:50+0530,Asia/Kolkata,-80.6389035,8.98933,,,,Chandigarh Pollution Control Committee,CPCB
233415,"Sector 22, Chandigarh - CPCC",nox,68.59487434316001,µg/m³,2025-02-23T14:59:07+0000,2025-02-23T20:31:05+0530,Asia/Kolkata,-29.201647,99.143376,,,,Chandigarh Pollution Control Committee,CPCB
233415,"Sector 22, Chandigarh - CPCC",pm10,7.953162201557615,µg/m³,2025-02-22T21:21:46+0000,2025-02-23T02:41:38+0530,Asia/Kolkata,22.0781585,141.359085,,,,Chandigarh Pollution Control Committee,CPCB
233415,"Sector 22, Chandigarh - CPCC",pm25,26.2130513412969,ppb,2025-02-27T06:38:53+0000,2025-02-27T12:10:15+0530,Asia/Kolkata,-56.732264,75.305921,,,,Chandigarh Pollution Control Committee,CPCB
233415,"Sector 22, Chandigarh - CPCC",co,23.219783265251863,ppb,2025-02-28T23:43:24+0000,2025-03-01T05:14:23+0530,Asia/Kolkata,61.061166,11.414473,,,,Chandigarh Pollution Control Committee,CPCB
233415,"Sector 22, Chandigarh - CPCC",wind_speed,2.7858343337468146,m/s,2025-02-27T17:23:44+0000,2025-02-27T22:52:30+0530,Asia/Kolkata,75.122196,-25.015553,,,,Chandigarh Pollution Control Committee,CPCB
233415,"Sector 22, Chandigarh - CPCC",no,6.574634255038219,ppb,2025-03-03T04:44:03+0000,2025-03-03T10:13:38+0530,Asia/Kolkata,-87.799386,141.005335,,,,Chandigarh Pollution Control Committee,CPCB
233415,"Sector 22, Chandigarh - CPCC",no,0.24969955519097706,ppb,2025-02-21T17:33:47+0000,2025-02-21T23:00:25+0530,Asia/Kolkata,12.676808,-98.199679,,,,Chandigarh Pollution Control Committee,CPCB
233415,"Sector 22, Chandigarh - CPCC",pm10,17.406178129851803,c,2025-02-20T20:11:54+0000,2025-02-21T01:41:30+0530,Asia/Kolkata,19.648682,-29.950046,,,,Chandigarh Pollution Control Committee,CPCB
233415,"Sector 22, Chandigarh - CPCC",o3,19.433372614747896,ppb,2025-03-03T06:01:23+0000,2025-03-03T11:32:15+0530,Asia/Kolkata,47.135631,-81.632559,,,,Chandigarh Pollution Control Committee,CPCB
233415,"Sector 22, Chandigarh - CPCC",temperature,149.45238508685668,c,2025-02-20T23:51:39+0000,2025-02-21T05:22:01+0530,Asia/Kolkata,49.034659,83.887153,,,,Chandigarh Pollution Control Committee,CPCB
233415,"Sector 22, Chandigarh - CPCC",co,6.290372457215589,ppb,2025-02-26T17:08:14+0000,2025-02-26T22:43:29+0530,Asia/Kolkata,-20.8969545,125.393859,,,,Chandigarh Pollution Control Committee,CPCB
233415,"Sector 22, Chandigarh - CPCC",wind_direction,1.487610287684921,%,2025-02-23T10:14:07+0000,2025-02-23T15:41:01+0530,Asia/Kolkata,-47.98258,17.627692,,,,Chandigarh Pollution Control Committee,CPCB
233415,"Sector 22, Chandigarh - CPCC",o3,88.94922811038015,µg/m³,2025-02-21T19:22:46+0000,2025-02-22T00:51:59+0530,Asia/Kolkata,-86.7098515,46.554163,,,,Chandigarh Pollution Control Committee,CPCB
233415,"Sector 22, Chandigarh - CPCC",pm25,0.5972980416257677,µg/m³,2025-03-01T01:51:54+0000,2025-03-01T07:24:20+0530,Asia/Kolkata,53.2068675,-28.652633,,,,Chandigarh Pollution Control Committee,CPCB
233415,"Sector 22, Chandigarh - CPCC",so2,65.77064005746676,c,2025-03-01T20:44:44+0000,2025-03-02T02:12:03+0530,Asia/Kolkata,-28.573512,-110.690194,,,,Chandigarh Pollution Control Committee,CPCB
233415,"Sector 22, Chandigarh - CPCC",pm25,41.02634013664378,ppb,2025-02-26T19:22:45+0000,2025-02-27T00:51:00+0530,Asia/Kolkata,-67.5941525,136.520256,,,,Chandigarh Pollution Control Committee,CPCB
233415,"Sector 22, Chandigarh - CPCC",wind_speed,473.05879099244,m/s,2025-02-21T18:27:59+0000,2025-02-21T23:54:56+0530,Asia/Kolkata,-32.599528,-147.606566,,,,Chandigarh Pollution Control Committee,CPCB
233415,"Sector 22, Chandigarh - CPCC",co,0.2790963066875067,ppb,2025-03-02T03:05:47+0000,2025-03-02T08:32:07+0530,Asia/Kolkata,-61.3329805,-160.073386,,,,Chandigarh Pollution Control Committee,CPCB
233415,"Sector 22, Chandigarh - CPCC",temperature,180.14924070752684,c,2025-02-26T04:51:57+0000,2025-02-26T10:29:52+0530,Asia/Kolkata,15.334796,167.71343,,,,Chandigarh Pollution Control Committee,CPCB
233415,"Sector 22, Chandigarh - CPCC",wind_direction,13.20993384195785,µg/m³,2025-02-21T13:33:02+0000,2025-02-21T19:02:42+0530,Asia/Kolkata,48.5652185,54.546437,,,,Chandigarh Pollution Control Committee,CPCB
233415,"Sector 22, Chandigarh - CPCC",no,0.17753570575116068,ppb,2025-03-01T03:38:17+0000,2025-03-01T09:03:36+0530,Asia/Kolkata,32.1991025,146.476048,,,,Chandigarh Pollution Control Committee,CPCB
233415,"Sector 22, Chandigarh - CPCC",pm25,0.003973144851937801,ppb,2025-03-02T03:42:25+0000,2025-03-02T09:12:05+0530,Asia/Kolkata,-51.484271,-126.221786,,,,Chandigarh Pollution Control Committee,CPCB
233415,"Sector 22, Chandigarh - CPCC",wind_speed,347.78516003124275,m/s,2025-03-03T06:04:09+0000,2025-03-03T11:34:31+0530,Asia/Kolkata,-82.1243665,78.771851,,,,Chandigarh Pollution Control Committee,CPCB
233415,"Sector 22, Chandigarh - CPCC",temperature,20.469968214217783,c,2025-02-21T08:55:03+0000,2025-02-21T14:26:02+0530,Asia/Kolkata,51.645288,89.626018,,,,Chandigarh Pollution Control Committee,CPCB
233415,"Sector 22, Chandigarh - CPCC",wind_direction,116.77692280317471,deg,2025-02-22T10:10:13+0000,2025-02-22T15:35:37+0530,Asia/Kolkata,-40.049113,160.124653,,,,Chandigarh Pollution Control Committee,CPCB
233415,"Sector 22, Chandigarh - CPCC",pm10,13.043496172020449,µg/m³,2025-03-01T13:24:23+0000,2025-03-01T18:55:15+0530,Asia/Kolkata,-79.3862635,-158.476211,,,,Chandigarh Pollution Control Committee,CPCB
233415,"Sector 22, Chandigarh - CPCC",wind_direction,106.1341630747088,%,2025-03-01T00:37:33+0000,2025-03-01T06:04:49+0530,Asia/Kolkata,85.697371,15.000195,,,,Chandigarh Pollution Control Committee,CPCB
233415,"Sector 22, Chandigarh - CPCC",o3,7.283422137927199,%,2025-02-20T07:29:02+0000,2025-02-20T13:01:45+0530,Asia/Kolkata,5.7058905,-160.39127,,,,Chandigarh Pollution Control Committee,CPCB
233415,"Sector 22, Chandigarh - CPCC",o3,0.03802105474185653,ppb,2025-03-01T08:24:46+0000,2025-03-01T13:53:03+0530,Asia/Kolkata,-35.569359,19.320114,,,,Chandigarh Pollution Control Committee,CPCB
233415,"Sector 22, Chandigarh - CPCC",no2,12.551206977551772,µg/m³,2025-02-21T16:37:08+0000,2025-02-21T22:06:05+0530,Asia/Kolkata,-59.481732,-90.320193,,,,Chandigarh Pollution Control Committee,CPCB
233415,"Sector 22, Chandigarh - CPCC",wind_direction,228.81925858383318,%,2025-02-21T17:00:06+0000,2025-02-21T22:33:41+0530,Asia/Kolkata,78.4185895,-135.742272,,,,Chandigarh Pollution Control Committee,CPCB
233415,"Sector 22, Chandigarh - CPCC",wind_direction,1.0348000265666182,%,2025-03-02T14:49:27+0000,2025-03-02T20:18:39+0530,Asia/Kolkata,-62.596197,-24.412938,,,,Chandigarh Pollution Control Committee,CPCB
233415,"Sector 22, Chandigarh - CPCC",pm25,43.76384372234358,µg/m³,2025-02-19T19:18:14+0000,2025-02-20T00:46:41+0530,Asia/Kolkata,31.7766835,-11.997293,,,,Chandigarh Pollution Control Committee,CPCB
233415,"Sector 22, Chandigarh - CPCC",wind_direction,57.16925205305152,%,2025-02-23T05:07:19+0000,2025-02-23T10:39:55+0530,Asia/Kolkata,42.1917205,-172.219609,,,,Chandigarh Pollution Control Committee,CPCB
233415,"Sector 22, Chandigarh - CPCC",wind_speed,34.649939682703874,deg,2025-02-22T17:06:33+0000,2025-02-22T22:41:32+0530,Asia/Kolkata,42.09649,92.889757,,,,Chandigarh Pollution Control Committee,CPCB
233415,"Sector 22, Chandigarh - CPCC",co,24.667654545172624,ppb,2025-02-20T18:35:39+0000,2025-02-21T00:05:33+0530,Asia/Kolkata,-87.214135,38.425299,,,,Chandigarh Pollution Control Committee,CPCB
233415,"Sector 22, Chandigarh - CPCC",o3,0.046412577245322294,µg/m³,2025-02-21T11:35:49+0000,2025-02-21T17:08:15+0530,Asia/Kolkata,-22.510673,-153.617274,,,,Chandigarh Pollution Control Committee,CPCB
233415,"Sector 22, Chandigarh - CPCC",temperature,60.99493948870016,deg,2025-03-02T19:38:55+0000,2025-03-03T01:09:23+0530,Asia/Kolkata,-49.996419,-46.551121,,,,Chandigarh Pollution Control Committee,CPCB
233415,"Sector 22, Chandigarh - CPCC",relativehumidity,5.882594295956309,µg/m³,2025-02-25T10:30:11+0000,2025-02-25T15:54:41+0530,Asia/Kolkata,30.6922515,-38.911951,,,,Chandigarh Pollution Control Committee,CPCB
233415,"Sector 22, Chandigarh - CPCC",no2,29.529860491322047,ppb,2025-02-26T14:24:04+0000,2025-02-26T19:54:35+0530,Asia/Kolkata,-44.755431,85.022886,,,,Chandigarh Pollution Control Committee,CPCB
233415,"Sector 22, Chandigarh - CPCC",o3,2.155856717974691,ppb,2025-02-23T07:01:32+0000,2025-02-23T12:26:35+0530,Asia/Kolkata,-11.120398,-36.111219,,,,Chandigarh Pollution Control Committee,CPCB
233415,"Sector 22, Chandigarh - CPCC",pm10,7.848471763833748,ppb,2025-02-22T15:53:17+0000,2025-02-22T21:21:58+0530,Asia/Kolkata,-64.751634,74.034609,,,,Chandigarh Pollution Control Committee,CPCB
233415,"Sector 22, Chandigarh - CPCC",temperature,16.72763128784833,%,2025-02-25T14:32:31+0000,2025-02-25T20:10:32+0530,Asia/Kolkata,-63.6369185,-15.594636,,,,Chandigarh Pollution Control Committee,CPCB
233415,"Sector 22, Chandigarh - CPCC",no,97.07082984686814,ppb,2025-02-24T23:37:00+0000,2025-02-25T05:12:55+0530,Asia/Kolkata,-5.515028,-71.900811,,,,Chandigarh Pollution Control Committee,CPCB
233415,"Sector 22, Chandigarh - CPCC",nox,7.5102462831162535,ppb,2025-02-23T20:03:28+0000,2025-02-24T01:33:57+0530,Asia/Kolkata,-0.178563,-73.282867,,,,Chandigarh Pollution Control Committee,CPCB
233415,"Sector 22, Chandigarh - CPCC",temperature,16.411601828124898,c,2025-02-28T23:12:54+0000,2025-03-01T04:46:50+0530,Asia/Kolkata,52.790383,-135.365424,,,,Chandigarh Pollution Control Committee,CPCB
233415,"Sector 22, Chandigarh - CPCC",relativehumidity,0.6696801556249192,ppb,2025-03-01T15:50:30+0000,2025-03-01T21:20:50+0530,Asia/Kolkata,64.800771,48.795182,,,,Chandigarh Pollution Control Committee,CPCB
233415,"Sector 22, Chandigarh - CPCC",no,10.64708676319198,µg/m³,2025-02-23T11:11:17+0000,2025-02-23T16:41:23+0530,Asia/Kolkata,-19.506343,-98.679537,,,,Chandigarh Pollution Control Committee,CPCB
233415,"Sector 22, Chandigarh - CPCC",wind_direction,55.94765253316314,c,2025-02-20T15:52:51+0000,2025-02-20T21:24:37+0530,Asia/Kolkata,-47.009002,66.401785,,,,Chandigarh Pollution Control Committee,CPCB
233415,"Sector 22, Chandigarh - CPCC",so2,7.897347208275523,deg,2025-03-03T10:27:24+0000,2025-03-03T15:58:19+0530,Asia/Kolkata,-23.06215,38.030948,,,,Chandigarh Pollution Control Committee,CPCB
233415,"Sector 22, Chandigarh - CPCC",so2,2.0573313226899126,µg/m³,2025-02-19T01:34:31+0000,2025-02-19T07:05:15+0530,Asia/Kolkata,-28.382482,-97.130726,,,,Chandigarh Pollution Control Committee,CPCB
233415,"Sector 22, Chandigarh - CPCC",relativehumidity,55.18665337857286,µg/m³,2025-02-21T16:58:21+0000,2025-02-21T22:28:49+0530,Asia/Kolkata,44.928656,25.543474,,,,Chandigarh Pollution Control Committee,CPCB
233415,"Sector 22, Chandigarh - CPCC",temperature,94.88142459798277,µg/m³,2025-02-20T10:08:09+0000,2025-02-20T15:35:37+0530,Asia/Kolkata,-51.112852,2.903769,,,,Chandigarh Pollution Control Committee,CPCB
233415,"Sector 22, Chandigarh - CPCC",no2,81.50728851239919,ppb,2025-02-19T16:48:36+0000,2025-02-19T22:21:14+0530,Asia/Kolkata,20.619344,145.936112,,,,Chandigarh Pollution Control Committee,CPCB
233415,"Sector 22, Chandigarh - CPCC",pm25,0.013526943413849248,µg/m³,2025-03-03T02:46:12+0000,2025-03-03T08:17:11+0530,Asia/Kolkata,30.8633975,-98.863187,,,,Chandigarh Pollution Control Committee,CPCB
233415,"Sector 22, Chandigarh - CPCC",pm25,36.587122523888844,c,2025-02-27T01:35:29+0000,2025-02-27T07:10:04+0530,Asia/Kolkata,32.2767545,55.533179,,,,Chandigarh Pollution Control Committee,CPCB
233415,"Sector 22, Chandigarh - CPCC",co,0.0856273756819372,ppb,2025-02-20T17:19:40+0000,2025-02-20T22:47:08+0530,Asia/Kolkata,-21.774567,40.536516,,,,Chandigarh Pollution Control Committee,CPCB
233415,"Sector 22, Chandigarh - CPCC",so2,42.75572612586878,µg/m³,2025-02-21T15:11:26+0000,2025-02-21T20:40:59+0530,Asia/Kolkata,79.5968325,64.559398,,,,Chandigarh Pollution Control Committee,CPCB
233415,"Sector 22, Chandigarh - CPCC",relativehumidity,132.91570259743656,µg/m³,2025-02-19T12:43:58+0000,2025-02-19T18:12:53+0530,Asia/Kolkata,88.500644,12.952958,,,,Chandigarh Pollution Control Committee,CPCB
233415,"Sector 22, Chandigarh - CPCC",nox,42.41310951711051,ppb,2025-02-26T21:33:25+0000,2025-02-27T02:56:49+0530,Asia/Kolkata,53.686506,141.714884,,,,Chandigarh Pollution Control Committee,CPCB
233415,"Sector 22, Chandigarh - CPCC",no,72.9887554514429,ppb,2025-02-28T01:15:27+0000,2025-02-28T06:39:16+0530,Asia/Kolkata,34.184911,-120.814087,,,,Chandigarh Pollution Control Committee,CPCB
233415,"Sector 22, Chandigarh - CPCC",pm25,58.09306358546541,µg/m³,2025-02-23T23:57:20+0000,2025-02-24T05:31:22+0530,Asia/Kolkata,68.597317,59.004329,,,,Chandigarh Pollution Control Committee,CPCB
233415,"Sector 22, Chandigarh - CPCC",pm10,41.44534297520033,%,2025-02-26T07:39:12+0000,2025-02-26T13:12:12+0530,Asia/Kolkata,-80.276938,-150.352069,,,,Chandigarh Pollution Control Committee,CPCB
233415,"Sector 22, Chandigarh - CPCC",relativehumidity,18.955279605487952,ppb,2025-02-22T10:58:15+0000,2025-02-22T16:27:32+0530,Asia/Kolkata,56.990259,-20.535028,,,,Chandigarh Pollution Control Committee,CPCB
233415,"Sector 22, Chandigarh - CPCC",so2,53.944505748398484,%,2025-02-26T09:42:38+0000,2025-02-26T15:05:31+0530,Asia/Kolkata,-3.4707665,-125.439914,,,,Chandigarh Pollution Control Committee,CPCB
233415,"Sector 22, Chandigarh - CPCC",co,64.14511079266964,ppb,2025-02-18T22:22:13+0000,2025-02-19T03:52:10+0530,Asia/Kolkata,-29.927065,-112.079705,,,,Chandigarh Pollution Control Committee,CPCB
233415,"Sector 22, Chandigarh - CPCC",wind_direction,17.858939471201467,c,2025-02-24T18:01:38+0000,2025-02-24T23:35:00+0530,Asia/Kolkata,-9.7966355,-22.789579,,,,Chandigarh Pollution Control Committee,CPCB
233415,"Sector 22, Chandigarh - CPCC",wind_direction,65.10362260234487,µg/m³,2025-02-23T14:10:29+0000,2025-02-23T19:37:23+0530,Asia/Kolkata,-51.8988555,-159.285202,,,,Chandigarh Pollution Control Committee,CPCB
233415,"Sector 22, Chandigarh - CPCC",temperature,27.277190279352673,deg,2025-02-28T09:19:36+0000,2025-02-28T14:56:33+0530,Asia/Kolkata,33.73304,126.653548,,,,Chandigarh Pollution Control Committee,CPCB
233415,"Sector 22, Chandigarh - CPCC",wind_direction,0.3139584353078535,%,2025-02-18T23:04:02+0000,2025-02-19T04:33:44+0530,Asia/Kolkata,-78.196649,17.733229,,,,Chandigarh Pollution Control Committee,CPCB
233415,"Sector 22, Chandigarh - CPCC",co,15.761948095167513,ppb,2025-03-02T19:15:49+0000,2025-03-03T00:46:35+0530,Asia/Kolkata,50.286396,-101.264902,,,,Chandigarh Pollution Control Committee,CPCB
233415,"Sector 22, Chandigarh - CPCC",so2,6.576258103300807,µg/m³,2025-03-01T07:38:17+0000,2025-03-01T13:06:58+0530,Asia/Kolkata,15.5696105,-95.395896,,,,Chandigarh Pollution Control Committee,CPCB
233415,"Sector 22, Chandigarh - CPCC",wind_speed,124.84676393701791,c,2025-02-20T15:41:33+0000,2025-02-20T21:14:38+0530,Asia/Kolkata,36.114048,-71.644856,,,,Chandigarh Pollution Control Committee,CPCB
233415,"Sector 22, Chandigarh - CPCC",nox,64.32394743800008,ppb,2025-02-19T02:16:57+0000,2025-02-19T07:47:10+0530,Asia/Kolkata,70.272421,-54.342981,,,,Chandigarh Pollution Control Committee,CPCB
233415,"Sector 22, Chandigarh - CPCC",relativehumidity,30.120157292573527,ppb,2025-03-03T00:18:01+0000,2025-03-03T05:49:16+0530,Asia/Kolkata,15.8784405,101.963279,,,,Chandigarh Pollution Control Committee,CPCB
233415,"Sector 22, Chandigarh - CPCC",o3,26.03778312872345,%,2025-03-02T07:47:46+0000,2025-03-02T13:17:10+0530,Asia/Kolkata,-23.053811,-20.659425,,,,Chandigarh Pollution Control Committee,CPCB
233415,"Sector 22, Chandigarh - CPCC",pm25,2.0109019853638803,ppb,2025-02-23T07:51:45+0000,2025-02-23T13:09:38+0530,Asia/Kolkata,-13.396733,-163.116811,,,,Chandigarh Pollution Control Committee,CPCB
233415,"Sector 22, Chandigarh - CPCC",nox,90.8998315044573,ppb,2025-02-27T16:07:38+0000,2025-02-27T21:33:53+0530,Asia/Kolkata,-69.1281475,61.708529,,,,Chandigarh Pollution Control Committee,CPCB
233415,"Sector 22, Chandigarh - CPCC",pm10,3.2000156804693174,µg/m³,2025-03-02T23:58:06+0000,2025-03-03T05:28:38+0530,Asia/Kolkata,73.16322,50.414995,,,,Chandigarh Pollution Control Committee,CPCB
233415,"Sector 22, Chandigarh - CPCC",wind_speed,324.84790198787135,m/s,2025-02-23T00:53:45+0000,2025-02-23T06:21:55+0530,Asia/Kolkata,16.2659725,26.77608,,,,Chandigarh Pollution Control Committee,CPCB
233415,"Sector 22, Chandigarh - CPCC",so2,38.77691151141883,µg/m³,2025-02-25T19:58:18+0000,2025-02-26T01:33:36+0530,Asia/Kolkata,-0.06266,-91.576497,,,,Chandigarh Pollution Control Committee,CPCB
233415,"Sector 22, Chandigarh - CPCC",co,0.020049387441149407,ppb,2025-03-01T11:11:27+0000,2025-03-01T16:42:33+0530,Asia/Kolkata,-32.170018,-126.290128,,,,Chandigarh Pollution Control Committee,CPCB
233415,"Sector 22, Chandigarh - CPCC",relativehumidity,0.25540454634053644,ppb,2025-02-23T15:34:46+0000,2025-02-23T21:05:32+0530,Asia/Kolkata,33.2350935,113.975857,,,,Chandigarh Pollution Control Committee,CPCB
233415,"Sector 22, Chandigarh - CPCC",nox,87.67063254175933,µg/m³,2025-03-02T17:51:20+0000,2025-03-02T23:22:35+0530,Asia/Kolkata,-44.686039,151.597043,,,,Chandigarh Pollution Control Committee,CPCB
233415,"Sector 22, Chandigarh - CPCC",pm10,188.68114260551852,ppb,2025-03-01T03:24:25+0000,2025-03-01T08:55:17+0530,Asia/Kolkata,20.3198745,-99.59144,,,,Chandigarh Pollution Control Committee,CPCB
233415,"Sector 22, Chandigarh - CPCC",no2,78.56243550217279,µg/m³,2025-02-19T05:01:06+0000,2025-02-19T10:30:55+0530,Asia/Kolkata,77.664983,-41.60325,,,,Chandigarh Pollution Control Committee,CPCB
233415,"Sector 22, Chandigarh - CPCC",o3,0.0582605031119913,ppb,2025-02-22T22:58:11+0000,2025-02-23T04:34:09+0530,Asia/Kolkata,-74.621684,-27.154261,,,,Chandigarh Pollution Control Committee,CPCB
233415,"Sector 22, Chandigarh - CPCC",no,0.5623278103268303,ppb,2025-02-20T23:05:55+0000,2025-02-21T04:35:17+0530,Asia/Kolkata,-25.598875,-161.11199,,,,Chandigarh Pollution Control Committee,CPCB
233415,"Sector 22, Chandigarh - CPCC",nox,32.46138096826612,ppb,2025-02-25T12:10:33+0000,2025-02-25T17:40:32+0530,Asia/Kolkata,-9.6830535,142.214725,,,,Chandigarh Pollution Control Committee,CPCB
233415,"Sector 22, Chandigarh - CPCC",pm25,25.45158768212298,c,2025-02-19T04:43:28+0000,2025-02-19T10:12:31+0530,Asia/Kolkata,37.011532,-115.798674,,,,Chandigarh Pollution Control Committee,CPCB
233415,"Sector 22, Chandigarh - CPCC",wind_speed,86.81271871309923,m/s,2025-02-21T10:17:15+0000,2025-02-21T15:50:53+0530,Asia/Kolkata,59.124261,140.429772,,,,Chandigarh Pollution Control Committee,CPCB
233415,"Sector 22, Chandigarh - CPCC",temperature,0.007578774596106708,deg,2025-02-19T03:49:20+0000,2025-02-19T09:19:56+0530,Asia/Kolkata,47.4119115,-35.130335,,,,Chandigarh Pollution Control Committee,CPCB
233415,"Sector 22, Chandigarh - CPCC",no,0.20976561223553628,ppb,2025-03-01T17:16:28+0000,2025-03-01T22:45:39+0530,Asia/Kolkata,-11.7354685,5.763884,,,,Chandigarh Pollution Control Committee,CPCB
233415,"Sector 22, Chandigarh - CPCC",so2,7.246868629186057,ppb,2025-02-19T00:08:10+0000,2025-02-19T05:37:26+0530,Asia/Kolkata,-48.960769,85.677054,,,,Chandigarh Pollution Control Committee,CPCB
233415,"Sector 22, Chandigarh - CPCC",no2,9.441747603794717,µg/m³,2025-03-03T06:00:24+0000,2025-03-03T11:30:33+0530,Asia/Kolkata,-5.536099,2.544902,,,,Chandigarh Pollution Control Committee,CPCB
233415,"Sector 22, Chandigarh - CPCC",so2,26.207138186320627,µg/m³,2025-02-25T06:36:04+0000,2025-02-25T12:15:27+0530,Asia/Kolkata,58.9606535,-16.051994,,,,Chandigarh Pollution Control Committee,CPCB
233415,"Sector 22, Chandigarh - CPCC",no,1.8992834063315502,ppb,2025-02-28T13:06:52+0000,2025-02-28T18:31:31+0530,Asia/Kolkata,-43.622942,-97.915087,,,,Chandigarh Pollution Control Committee,CPCB
233415,"Sector 22, Chandigarh - CPCC",no,18.169682200788507,ppb,2025-02-27T23:26:06+0000,2025-02-28T04:53:04+0530,Asia/Kolkata,67.360008,-172.473654,,,,Chandigarh Pollution Control Committee,CPCB
233415,"Sector 22, Chandigarh - CPCC",nox,6.191017876352053,ppb,2025-03-02T21:30:21+0000,2025-03-03T03:00:19+0530,Asia/Kolkata,83.0697925,-125.719864,,,,Chandigarh Pollution Control Committee,CPCB
233415,"Sector 22, Chandigarh - CPCC",wind_direction,25.751085862338517,c,2025-02-25T09:04:45+0000,2025-02-25T14:28:21+0530,Asia/Kolkata,-24.573745,97.015825,,,,Chandigarh Pollution Control Committee,CPCB
233415,"Sector 22, Chandigarh - CPCC",wind_direction,110.51854664989436,m/s,2025-02-22T15:31:39+0000,2025-02-22T21:01:35+0530,Asia/Kolkata,-45.435524,2.561694,,,,Chandigarh Pollution Control Committee,CPCB
233415,"Sector 22, Chandigarh - CPCC",no,6.370021267428586,µg/m³,2025-02-24T20:02:18+0000,2025-02-25T01:30:09+0530,Asia/Kolkata,-79.1771095,-75.528035,,,,Chandigarh Pollution Control Committee,CPCB
233415,"Sector 22, Chandigarh - CPCC",pm10,171.04064086450458,deg,2025-02-24T02:49:28+0000,2025-02-24T08:15:13+0530,Asia/Kolkata,41.920813,-141.257617,,,,Chandigarh Pollution Control Committee,CPCB
233415,"Sector 22, Chandigarh - CPCC",no2,194.65221484395408,ppb,2025-02-25T08:48:53+0000,2025-02-25T14:18:24+0530,Asia/Kolkata,-22.500291,165.217454,,,,Chandigarh Pollution Control Committee,CPCB
233415,"Sector 22, Chandigarh - CPCC",temperature,2.564741213480169,µg/m³,2025-02-23T20:42:13+0000,2025-02-24T02:19:31+0530,Asia/Kolkata,-81.1484495,97.020957,,,,Chandigarh Pollution Control Committee,CPCB
233415,"Sector 22, Chandigarh - CPCC",pm25,129.5744803037478,deg,2025-03-03T14:24:13+0000,2025-03-03T19:55:49+0530,Asia/Kolkata,40.601928,-20.790242,,,,Chandigarh Pollution Control Committee,CPCB
233415,"Sector 22, Chandigarh - CPCC",wind_speed,3.9528985710793925,%,2025-02-28T23:20:02+0000,2025-03-01T04:50:32+0530,Asia/Kolkata,24.914715,-64.05996,,,,Chandigarh Pollution Control Committee,CPCB
233415,"Sector 22, Chandigarh - CPCC",co,4.790804070399883,ppb,2025-02-20T07:27:51+0000,2025-02-20T12:57:13+0530,Asia/Kolkata,-15.754348,14.514378,,,,Chandigarh Pollution Control Committee,CPCB
233415,"Sector 22, Chandigarh - CPCC",no,145.52165832669624,µg/m³,2025-03-02T12:53:17+0000,2025-03-02T18:24:42+0530,Asia/Kolkata,79.851127,143.974803,,,,Chandigarh Pollution Control Committee,CPCB
233415,"Sector 22, Chandigarh - CPCC",pm25,17.01747098779615,ppb,2025-02-23T22:20:39+0000,2025-02-24T03:51:34+0530,Asia/Kolkata,45.6475545,150.504907,,,,Chandigarh Pollution Control Committee,CPCB
233415,"Sector 22, Chandigarh - CPCC",pm10,25.940750923845087,ppb,2025-02-24T04:35:20+0000,2025-02-24T10:03:33+0530,Asia/Kolkata,-84.5090035,-63.11348,,,,Chandigarh Pollution Control Committee,CPCB
233415,"Sector 22, Chandigarh - CPCC",pm10,14.269988605382412,ppb,2025-02-19T14:43:38+0000,2025-02-19T20:13:41+0530,Asia/Kolkata,-84.3934065,-19.623594,,,,Chandigarh Pollution Control Committee,CPCB
233415,"Sector 22, Chandigarh - CPCC",relativehumidity,164.8778851585057,ppb,2025-02-18T22:26:53+0000,2025-02-19T03:56:47+0530,Asia/Kolkata,63.196741,-136.754523,,,,Chandigarh Pollution Control Committee,CPCB
233415,"Sector 22, Chandigarh - CPCC",no2,2.1273165546942914,ppb,2025-02-23T22:02:31+0000,2025-02-24T03:29:37+0530,Asia/Kolkata,49.943294,97.449649,,,,Chandigarh Pollution Control Committee,CPCB
233415,"Sector 22, Chandigarh - CPCC",pm25,14.338414084351504,µg/m³,2025-02-23T06:14:24+0000,2025-02-23T11:46:55+0530,Asia/Kolkata,4.4928435,7.735958,,,,Chandigarh Pollution Control Committee,CPCB
233415,"Sector 22, Chandigarh - CPCC",so2,0.3605741230507321,m/s,2025-03-03T00:29:06+0000,2025-03-03T05:58:18+0530,Asia/Kolkata,-41.4336015,82.45009,,,,Chandigarh Pollution Control Committee,CPCB
233415,"Sector 22, Chandigarh - CPCC",pm25,6.149665419348166,ppb,2025-02-19T20:21:00+0000,2025-02-20T01:51:56+0530,Asia/Kolkata,45.9815905,-20.242875,,,,Chandigarh Pollution Control Committee,CPCB
233415,"Sector 22, Chandigarh - CPCC",temperature,0.006939384187883935,c,2025-02-28T06:34:25+0000,2025-02-28T11:59:06+0530,Asia/Kolkata,-30.351394,-157.740737,,,,Chandigarh Pollution Control Committee,CPCB
233415,"Sector 22, Chandigarh - CPCC",o3,14.749176192808534,ppb,2025-02-23T06:18:03+0000,2025-02-23T11:50:05+0530,Asia/Kolkata,-88.91578,-124.45611,,,,Chandigarh Pollution Control Committee,CPCB
233415,"Sector 22, Chandigarh - CPCC",temperature,1.2019304682827439,ppb,2025-02-28T00:12:40+0000,2025-02-28T05:42:40+0530,Asia/Kolkata,52.365571,29.389381,,,,Chandigarh Pollution Control Committee,CPCB
233415,"Sector 22, Chandigarh - CPCC",relativehumidity,9.527112279550936,µg/m³,2025-02-21T09:53:21+0000,2025-02-21T15:25:09+0530,Asia/Kolkata,-88.9876485,156.666858,,,,Chandigarh Pollution Control Committee,CPCB
233415,"Sector 22, Chandigarh - CPCC",o3,0.5714278731746272,ppb,2025-02-24T22:12:25+0000,2025-02-25T03:36:35+0530,Asia/Kolkata,12.4312785,67.440867,,,,Chandigarh Pollution Control Committee,CPCB
233415,"Sector 22, Chandigarh - CPCC",o3,0.00811250581647599,ppb,2025-02-21T17:39:28+0000,2025-02-21T23:08:44+0530,Asia/Kolkata,64.5421415,-129.814392,,,,Chandigarh Pollution Control Committee,CPCB
233415,"Sector 22, Chandigarh - CPCC",relativehumidity,8.651703015744818,deg,2025-02-19T10:30:47+0000,2025-02-19T16:00:48+0530,Asia/Kolkata,-46.542294,8.654091,,,,Chandigarh Pollution Control Committee,CPCB
233415,"Sector 22, Chandigarh - CPCC",co,14.184617119550902,ppb,2025-02-19T01:02:15+0000,2025-02-19T06:32:28+0530,Asia/Kolkata,-62.068431,-79.422621,,,,Chandigarh Pollution Control Committee,CPCB
233415,"Sector 22, Chandigarh - CPCC",nox,16.201938473053616,µg/m³,2025-03-03T17:00:00+0000,2025-03-03T22:30:00+0530,Asia/Kolkata,20.106938,-134.305872,,,,Chandigarh Pollution Control Committee,CPCB
233415,"Sector 22, Chandigarh - CPCC",pm10,1.117320899626993,deg,2025-02-25T00:35:05+0000,2025-02-25T06:06:22+0530,Asia/Kolkata,88.1049115,27.212213,,,,Chandigarh Pollution Control Committee,CPCB
233415,"Sector 22, Chandigarh - CPCC",pm25,10.285628910216344,ppb,2025-02-23T19:01:31+0000,2025-02-24T00:29:17+0530,Asia/Kolkata,34.1313365,104.449119,,,,Chandigarh Pollution Control Committee,CPCB
233415,"Sector 22, Chandigarh - CPCC",wind_direction,0.21197171954119026,µg/m³,2025-02-19T00:31:17+0000,2025-02-19T06:01:33+0530,Asia/Kolkata,-87.182081,-135.633043,,,,Chandigarh Pollution Control Committee,CPCB
233415,"Sector 22, Chandigarh - CPCC",o3,47.36374002514485,ppb,2025-02-21T19:25:30+0000,2025-02-22T00:52:10+0530,Asia/Kolkata,31.40756,8.931374,,,,Chandigarh Pollution Control Committee,CPCB
233415,"Sector 22, Chandigarh - CPCC",so2,0.8976715366374122,µg/m³,2025-02-28T14:54:36+0000,2025-02-28T20:28:03+0530,Asia/Kolkata,-13.0372535,-36.075374,,,,Chandigarh Pollution Control Committee,CPCB
233415,"Sector 22, Chandigarh - CPCC",wind_direction,2.714590832398308,deg,2025-02-25T18:15:42+0000,2025-02-25T23:45:33+0530,Asia/Kolkata,-22.3131635,-107.200833,,,,Chandigarh Pollution Control Committee,CPCB
233415,"Sector 22, Chandigarh - CPCC",temperature,65.40540736057609,%,2025-03-02T09:32:06+0000,2025-03-02T15:01:23+0530,Asia/Kolkata,76.8293085,38.853899,,,,Chandigarh Pollution Control Committee,CPCB
233415,"Sector 22, Chandigarh - CPCC",no,30.98797957903852,ppb,2025-03-03T17:00:00+0000,2025-03-03T22:30:00+0530,Asia/Kolkata,-27.090659,28.189151,,,,Chandigarh Pollution Control Committee,CPCB
233415,"Sector 22, Chandigarh - CPCC",temperature,12.00163920547963,m/s,2025-02-21T07:44:36+0000,2025-02-21T13:18:52+0530,Asia/Kolkata,-81.1126255,-54.128571,,,,Chandigarh Pollution Control Committee,CPCB
233415,"Sector 22, Chandigarh - CPCC",pm25,53.025048349184,%,2025-02-23T22:04:09+0000,2025-02-24T03:40:04+0530,Asia/Kolkata,-48.5402905,-25.129479,,,,Chandigarh Pollution Control Committee,CPCB
233415,"Sector 22, Chandigarh - CPCC",so2,10.28110160177794,m/s,2025-03-02T20:38:07+0000,2025-03-03T02:10:32+0530,Asia/Kolkata,47.909006,-107.861017,,,,Chandigarh Pollution Control Committee,CPCB
233415,"Sector 22, Chandigarh - CPCC",wind_direction,14.4905388151539,%,2025-02-25T09:16:28+0000,2025-02-25T14:51:51+0530,Asia/Kolkata,-77.027316,100.3361,,,,Chandigarh Pollution Control Committee,CPCB
233415,"Sector 22, Chandigarh - CPCC",wind_speed,191.52395345500597,m/s,2025-02-19T18:16:24+0000,2025-02-19T23:46:42+0530,Asia/Kolkata,75.629359,-43.350266,,,,Chandigarh Pollution Control Committee,CPCB
233415,"Sector 22, Chandigarh - CPCC",no,2.165334124629078,ppb,2025-02-24T01:47:56+0000,2025-02-24T07:18:13+0530,Asia/Kolkata,-5.4281035,55.774444,,,,Chandigarh Pollution Control Committee,CPCB
233415,"Sector 22, Chandigarh - CPCC",no,80.218569461458,ppb,2025-02-21T14:24:09+0000,2025-02-21T19:55:39+0530,Asia/Kolkata,71.6293405,-153.735514,,,,Chandigarh Pollution Control Committee,CPCB
233415,"Sector 22, Chandigarh - CPCC",co,22.545154782695523,ppb,2025-02-18T22:01:04+0000,2025-02-19T03:31:04+0530,Asia/Kolkata,28.42053,-147.042651,,,,Chandigarh Pollution Control Committee,CPCB
233415,"Sector 22, Chandigarh - CPCC",relativehumidity,23.984080279750994,ppb,2025-03-03T17:00:00+0000,2025-03-03T22:30:00+0530,Asia/Kolkata,-78.907045,-75.889386,,,,Chandigarh Pollution Control Committee,CPCB
233415,"Sector 22, Chandigarh - CPCC",no2,1.5849211877496197,ppb,2025-02-22T20:30:16+0000,2025-02-23T01:56:33+0530,Asia/Kolkata,33.3423625,134.726753,,,,Chandigarh Pollution Control Committee,CPCB
233415,"Sector 22, Chandigarh - CPCC",wind_speed,32.43045077724411,c,2025-02-20T02:09:19+0000,2025-02-20T07:39:04+0530,Asia/Kolkata,-47.772223,-168.007452,,,,Chandigarh Pollution Control Committee,CPCB
233415,"Sector 22, Chandigarh - CPCC",pm25,0.024918126329349446,%,2025-02-28T03:47:47+0000,2025-02-28T09:12:20+0530,Asia/Kolkata,-4.5351885,79.185979,,,,Chandigarh Pollution Control Committee,CPCB
233415,"Sector 22, Chandigarh - CPCC",so2,46.12094672443779,µg/m³,2025-03-03T17:00:00+0000,2025-03-03T22:30:00+0530,Asia/Kolkata,18.7525565,-76.888541,,,,Chandigarh Pollution Control Committee,CPCB
233415,"Sector 22, Chandigarh - CPCC",o3,1.6109584848661678,ppb,2025-02-23T08:36:18+0000,2025-02-23T14:01:30+0530,Asia/Kolkata,56.895623,-178.573507,,,,Chandigarh Pollution Control Committee,CPCB
233415,"Sector 22, Chandigarh - CPCC",no,49.90700550196536,ppb,2025-02-19T15:03:52+0000,2025-02-19T20:34:40+0530,Asia/Kolkata,-29.1172275,32.953696,,,,Chandigarh Pollution Control Committee,CPCB
233415,"Sector 22, Chandigarh - CPCC",pm10,20.714209249773777,µg/m³,2025-03-01T17:04:53+0000,2025-03-01T22:35:41+0530,Asia/Kolkata,-79.9308535,19.851036,,,,Chandigarh Pollution Control Committee,CPCB
233415,"Sector 22, Chandigarh - CPCC",temperature,33.24256497090044,%,2025-02-21T13:31:12+0000,2025-02-21T19:01:33+0530,Asia/Kolkata,81.363568,86.265642,,,,Chandigarh Pollution Control Committee,CPCB
233415,"Sector 22, Chandigarh - CPCC",nox,22.24270713422785,µg/m³,2025-02-21T02:29:55+0000,2025-02-21T08:04:31+0530,Asia/Kolkata,7.9004535,-59.184255,,,,Chandigarh Pollution Control Committee,CPCB
233415,"Sector 22, Chandigarh - CPCC",no2,27.235571020579002,ppb,2025-02-28T06:01:08+0000,2025-02-28T11:32:24+0530,Asia/Kolkata,38.0714925,-150.825041,,,,Chandigarh Pollution Control Committee,CPCB
233415,"Sector 22, Chandigarh - CPCC",wind_speed,28.548582354558118,m/s,2025-02-20T01:56:03+0000,2025-02-20T07:26:39+0530,Asia/Kolkata,-79.0018685,145.440456,,,,Chandigarh Pollution Control Committee,CPCB
233415,"Sector 22, Chandigarh - CPCC",nox,10.1121962140776,ppb,2025-02-21T19:44:52+0000,2025-02-22T01:18:18+0530,Asia/Kolkata,-16.641471,8.663962,,,,Chandigarh Pollution Control Committee,CPCB
233415,"Sector 22, Chandigarh - CPCC",nox,104.60816656242476,µg/m³,2025-02-24T02:50:31+0000,2025-02-24T08:14:35+0530,Asia/Kolkata,36.619115,114.676481,,,,Chandigarh Pollution Control Committee,CPCB
233415,"Sector 22, Chandigarh - CPCC",relativehumidity,108.89684565366537,µg/m³,2025-03-03T17:00:00+0000,2025-03-03T22:30:00+0530,Asia/Kolkata,-6.655517,42.97317,,,,Chandigarh Pollution Control Committee,CPCB
233415,"Sector 22, Chandigarh - CPCC",o3,26.10393675888464,ppb,2025-03-03T03:55:45+0000,2025-03-03T09:26:03+0530,Asia/Kolkata,80.318396,171.439481,,,,Chandigarh Pollution Control Committee,CPCB
233415,"Sector 22, Chandigarh - CPCC",co,0.011054353168349323,ppb,2025-02-28T07:44:04+0000,2025-02-28T13:18:04+0530,Asia/Kolkata,55.6912755,28.192481,,,,Chandigarh Pollution Control Committee,CPCB
233415,"Sector 22, Chandigarh - CPCC",nox,5.0782567599850434,µg/m³,2025-02-25T21:41:42+0000,2025-02-26T03:10:26+0530,Asia/Kolkata,-62.477792,-157.237256,,,,Chandigarh Pollution Control Committee,CPCB
233415,"Sector 22, Chandigarh - CPCC",temperature,19.98318654666133,deg,2025-03-02T17:14:10+0000,2025-03-02T22:43:09+0530,Asia/Kolkata,58.341822,-10.907099,,,,Chandigarh Pollution Control Committee,CPCB
233415,"Sector 22, Chandigarh - CPCC",temperature,57.25281803403509,%,2025-02-25T13:27:22+0000,2025-02-25T18:45:17+0530,Asia/Kolkata,-15.4704915,96.298292,,,,Chandigarh Pollution Control Committee,CPCB
233415,"Sector 22, Chandigarh - CPCC",pm25,1.734090359778331,ppb,2025-02-22T08:53:38+0000,2025-02-22T14:17:45+0530,Asia/Kolkata,59.512191,54.015828,,,,Chandigarh Pollution Control Committee,CPCB
233415,"Sector 22, Chandigarh - CPCC",so2,217.33755959486493,%,2025-02-19T17:36:17+0000,2025-02-19T23:08:09+0530,Asia/Kolkata,13.888986,53.165053,,,,Chandigarh Pollution Control Committee,CPCB
233415,"Sector 22, Chandigarh - CPCC",pm10,16.499278158505657,%,2025-02-25T07:54:00+0000,2025-02-25T13:24:23+0530,Asia/Kolkata,-52.62192,-178.252944,,,,Chandigarh Pollution Control Committee,CPCB
233415,"Sector 22, Chandigarh - CPCC",wind_speed,40.449359264092934,c,2025-02-23T10:30:10+0000,2025-02-23T16:02:26+0530,Asia/Kolkata,20.337049,125.219598,,,,Chandigarh Pollution Control Committee,CPCB
233415,"Sector 22, Chandigarh - CPCC",temperature,4.48752475099178,%,2025-03-03T08:48:37+0000,2025-03-03T14:18:10+0530,Asia/Kolkata,-63.192051,-108.473081,,,,Chandigarh Pollution Control Committee,CPCB
233415,"Sector 22, Chandigarh - CPCC",nox,37.93930328997689,ppb,2025-02-22T22:09:37+0000,2025-02-23T03:44:26+0530,Asia/Kolkata,-38.0389155,-176.025786,,,,Chandigarh Pollution Control Committee,CPCB
